Season;Squad;MP;W;D;L;GF;GA;GD;Pts;Qualification_Rank
1996-1997; Dortmund;11.0;9.0;1.0;1.0;23.0;10.0;13.0;28.0;W
1996-1997; Juventus;11.0;8.0;2.0;1.0;21.0;7.0;14.0;26.0;F
1996-1997; Ajax;10.0;5.0;1.0;4.0;14.0;13.0;1.0;16.0;SF
1996-1997; Manchester Utd;10.0;4.0;1.0;5.0;10.0;5.0;5.0;13.0;SF
1996-1997; Porto;8.0;5.0;2.0;1.0;12.0;8.0;4.0;17.0;QF
1996-1997; Atlético Madrid;8.0;4.0;2.0;2.0;15.0;8.0;7.0;14.0;QF
1996-1997; Rosenborg;10.0;4.0;1.0;5.0;11.0;15.0;-4.0;13.0;QF
1996-1997; Auxerre;8.0;4.0;0.0;4.0;9.0;11.0;-2.0;12.0;QF
1996-1997; Grasshopper;8.0;5.0;0.0;3.0;14.0;5.0;9.0;15.0;GR
1996-1997; Fenerbahçe;8.0;3.0;2.0;3.0;5.0;7.0;-2.0;11.0;GR
1996-1997; Rangers;8.0;3.0;0.0;5.0;15.0;16.0;-1.0;9.0;GR
1996-1997;Rapid Wien;8.0;2.0;2.0;4.0;8.0;14.0;-6.0;8.0;GR
1996-1997; Steaua;8.0;2.0;2.0;4.0;10.0;17.0;-7.0;8.0;GR
1996-1997; Milan;6.0;2.0;1.0;3.0;13.0;11.0;2.0;7.0;GR
1996-1997; Göteborg;8.0;2.0;1.0;5.0;11.0;14.0;-3.0;7.0;GR
1996-1997; Widzew Łódź;8.0;2.0;1.0;5.0;10.0;14.0;-4.0;7.0;GR
1997-1998; Real Madrid;11.0;7.0;3.0;1.0;22.0;5.0;17.0;24.0;W
1997-1998; Juventus;11.0;6.0;1.0;4.0;23.0;15.0;8.0;19.0;F
1997-1998; Dortmund;10.0;6.0;2.0;2.0;15.0;5.0;10.0;20.0;SF
1997-1998; Monaco;10.0;5.0;3.0;2.0;20.0;15.0;5.0;18.0;SF
1997-1998; Dynamo Kyiv;12.0;6.0;3.0;3.0;25.0;14.0;11.0;21.0;QF
1997-1998; Manchester Utd;8.0;5.0;2.0;1.0;15.0;6.0;9.0;17.0;QF
1997-1998; Leverkusen;10.0;5.0;2.0;3.0;18.0;13.0;5.0;17.0;QF
1997-1998; Bayern Munich;8.0;4.0;1.0;3.0;13.0;7.0;6.0;13.0;QF
1997-1998; Rosenborg;8.0;5.0;2.0;1.0;17.0;9.0;8.0;17.0;GR
1997-1998; Parma;8.0;4.0;3.0;1.0;13.0;6.0;7.0;15.0;GR
1997-1998; Feyenoord;8.0;5.0;0.0;3.0;16.0;13.0;3.0;15.0;GR
1997-1998; Paris S-G;8.0;5.0;0.0;3.0;16.0;13.0;3.0;15.0;GR
1997-1998; Sporting CP;8.0;3.0;2.0;3.0;12.0;11.0;1.0;11.0;GR
1997-1998; Newcastle Utd;8.0;3.0;2.0;3.0;11.0;11.0;0.0;11.0;GR
1997-1998; Barcelona;8.0;3.0;2.0;3.0;11.0;16.0;-5.0;11.0;GR
1997-1998; Galatasaray;8.0;3.0;1.0;4.0;12.0;13.0;-1.0;10.0;GR
1997-1998; Beşiktaş;8.0;3.0;1.0;4.0;9.0;10.0;-1.0;10.0;GR
1997-1998; Göteborg;8.0;3.0;1.0;4.0;8.0;10.0;-2.0;10.0;GR
1997-1998; Košice;10.0;3.0;1.0;6.0;8.0;14.0;-6.0;10.0;GR
1997-1998; PSV;6.0;2.0;3.0;1.0;9.0;8.0;1.0;9.0;GR
1997-1998; Sparta Prague;8.0;2.0;3.0;3.0;9.0;11.0;-2.0;9.0;GR
1997-1998;Olympiacos;8.0;2.0;3.0;3.0;13.0;16.0;-3.0;9.0;GR
1997-1998;Lierse;8.0;1.0;1.0;6.0;6.0;14.0;-8.0;4.0;GR
1997-1998; Porto;6.0;1.0;1.0;4.0;3.0;11.0;-8.0;4.0;GR
1998-1999; Manchester Utd;13.0;6.0;7.0;0.0;31.0;16.0;15.0;25.0;W
1998-1999; Bayern Munich;13.0;7.0;4.0;2.0;25.0;12.0;13.0;25.0;F
1998-1999; Dynamo Kyiv;14.0;7.0;4.0;3.0;28.0;14.0;14.0;25.0;SF
1998-1999; Juventus;10.0;2.0;7.0;1.0;13.0;11.0;2.0;13.0;SF
1998-1999; Inter;10.0;6.0;2.0;2.0;17.0;9.0;8.0;20.0;QF
1998-1999;Olympiacos;10.0;5.0;3.0;2.0;16.0;12.0;4.0;18.0;QF
1998-1999; Real Madrid;8.0;4.0;1.0;3.0;18.0;11.0;7.0;13.0;QF
1998-1999; Kaiserslautern;8.0;4.0;1.0;3.0;12.0;12.0;0.0;13.0;QF
1998-1999;HJK Helsinki;10.0;4.0;3.0;3.0;15.0;13.0;2.0;15.0;GR
1998-1999; Spartak Moscow;8.0;4.0;2.0;2.0;18.0;8.0;10.0;14.0;GR
1998-1999; Galatasaray;8.0;4.0;2.0;2.0;13.0;11.0;2.0;14.0;GR
1998-1999; Benfica;8.0;3.0;2.0;3.0;16.0;13.0;3.0;11.0;GR
1998-1999; Croatia Zagreb;8.0;3.0;2.0;3.0;8.0;8.0;0.0;11.0;GR
1998-1999; Rosenborg;8.0;3.0;2.0;3.0;11.0;12.0;-1.0;11.0;GR
1998-1999; PSV;8.0;3.0;1.0;4.0;15.0;14.0;1.0;10.0;GR
1998-1999;Panathinaikos;8.0;3.0;1.0;4.0;14.0;14.0;0.0;10.0;GR
1998-1999; Athletic Club;8.0;2.0;3.0;3.0;7.0;8.0;-1.0;9.0;GR
1998-1999; Barcelona;6.0;2.0;2.0;2.0;11.0;9.0;2.0;8.0;GR
1998-1999; Arsenal;6.0;2.0;2.0;2.0;8.0;8.0;0.0;8.0;GR
1998-1999; Lens;6.0;2.0;2.0;2.0;5.0;6.0;-1.0;8.0;GR
1998-1999; Porto;6.0;2.0;1.0;3.0;11.0;9.0;2.0;7.0;GR
1998-1999; Ajax;6.0;2.0;1.0;3.0;4.0;6.0;-2.0;7.0;GR
1998-1999;Sturm Graz;8.0;2.0;1.0;5.0;9.0;18.0;-9.0;7.0;GR
1998-1999; Brøndby;8.0;2.0;0.0;6.0;6.0;19.0;-13.0;6.0;GR
1999-2000; Dynamo Kyiv;16.0;8.0;3.0;5.0;25.0;19.0;6.0;27.0;GR2
1999-2000; Fiorentina;14.0;6.0;5.0;3.0;21.0;16.0;5.0;23.0;GR2
1999-2000; Sparta Prague;12.0;4.0;5.0;3.0;19.0;18.0;1.0;17.0;GR2
1999-2000; Rangers;10.0;5.0;1.0;4.0;16.0;9.0;7.0;16.0;GR1
1999-2000; Feyenoord;12.0;3.0;7.0;2.0;14.0;13.0;1.0;16.0;GR2
1999-2000; Bordeaux;12.0;3.0;5.0;4.0;12.0;18.0;-6.0;14.0;GR2
1999-2000; Hertha BSC;14.0;3.0;5.0;6.0;12.0;18.0;-6.0;14.0;GR2
1999-2000; Marseille;12.0;4.0;2.0;6.0;12.0;19.0;-7.0;14.0;GR2
1999-2000; Galatasaray;8.0;4.0;1.0;3.0;14.0;13.0;1.0;13.0;GR1
1999-2000; NK Maribor;10.0;4.0;1.0;5.0;10.0;16.0;-6.0;13.0;GR1
1999-2000; Rosenborg;12.0;3.0;3.0;6.0;17.0;16.0;1.0;12.0;GR2
1999-2000; Dortmund;8.0;3.0;3.0;2.0;9.0;9.0;0.0;12.0;GR1
1999-2000; Spartak Moscow;8.0;3.0;2.0;3.0;14.0;13.0;1.0;11.0;GR1
1999-2000; Boavista;8.0;3.0;2.0;3.0;10.0;13.0;-3.0;11.0;GR1
1999-2000; AIK Stockholm;10.0;3.0;2.0;5.0;8.0;16.0;-8.0;11.0;GR1
1999-2000;Sturm Graz;8.0;3.0;1.0;4.0;9.0;15.0;-6.0;10.0;GR1
1999-2000; Croatia Zagreb;8.0;2.0;3.0;3.0;9.0;7.0;2.0;9.0;GR1
1999-2000; Arsenal;6.0;2.0;2.0;2.0;9.0;9.0;0.0;8.0;GR1
1999-2000; PSV;8.0;2.0;2.0;4.0;7.0;10.0;-3.0;8.0;GR1
1999-2000; Molde;10.0;2.0;2.0;6.0;11.0;17.0;-6.0;8.0;GR1
1999-2000; Leverkusen;6.0;1.0;4.0;1.0;7.0;7.0;0.0;7.0;GR1
1999-2000;Olympiacos;6.0;2.0;1.0;3.0;9.0;12.0;-3.0;7.0;GR1
1999-2000; Milan;6.0;1.0;3.0;2.0;6.0;7.0;-1.0;6.0;GR1
1999-2000; Willem II;6.0;0.0;2.0;4.0;7.0;15.0;-8.0;2.0;GR1
1999-2000; Real Madrid;17.0;10.0;4.0;4.0;35.0;23.0;12.0;34.0;W
1999-2000; Valencia;19.0;10.0;5.0;5.0;31.0;18.0;13.0;35.0;F
1999-2000; Barcelona;16.0;11.0;3.0;2.0;45.0;23.0;22.0;36.0;SF
1999-2000; Bayern Munich;16.0;8.0;5.0;3.0;25.0;19.0;6.0;29.0;SF
1999-2000; Lazio;14.0;8.0;4.0;2.0;26.0;12.0;14.0;28.0;QF
1999-2000; Chelsea;16.0;8.0;4.0;4.0;25.0;14.0;11.0;28.0;QF
1999-2000; Manchester Utd;14.0;8.0;3.0;3.0;21.0;11.0;10.0;27.0;QF
1999-2000; Porto;14.0;7.0;2.0;5.0;19.0;17.0;2.0;23.0;QF
2000-2001;Anderlecht;16.0;8.0;2.0;6.0;23.0;28.0;-5.0;26.0;GR2
2000-2001;Sturm Graz;16.0;8.0;2.0;6.0;21.0;28.0;-7.0;26.0;GR2
2000-2001; Milan;14.0;6.0;6.0;2.0;24.0;14.0;10.0;24.0;GR2
2000-2001; Lyon;14.0;7.0;2.0;5.0;20.0;12.0;8.0;23.0;GR2
2000-2001; Rangers;10.0;5.0;3.0;2.0;20.0;8.0;12.0;18.0;GR1
2000-2001; Lazio;12.0;5.0;3.0;4.0;22.0;15.0;7.0;18.0;GR2
2000-2001; Spartak Moscow;12.0;5.0;1.0;6.0;14.0;13.0;1.0;16.0;GR2
2000-2001; Paris S-G;12.0;4.0;3.0;5.0;22.0;19.0;3.0;15.0;GR2
2000-2001; Shakhtar Donetsk;10.0;5.0;0.0;5.0;21.0;18.0;3.0;15.0;GR1
2000-2001; Rosenborg;10.0;4.0;3.0;3.0;21.0;20.0;1.0;15.0;GR1
2000-2001;Panathinaikos;14.0;3.0;5.0;6.0;14.0;18.0;-4.0;14.0;GR2
2000-2001; Beşiktaş;10.0;4.0;2.0;4.0;12.0;19.0;-7.0;14.0;GR1
2000-2001; Helsingborg;10.0;3.0;4.0;3.0;10.0;14.0;-4.0;13.0;GR1
2000-2001; Hamburger SV;8.0;2.0;4.0;2.0;11.0;9.0;2.0;10.0;GR1
2000-2001;Olympiacos;6.0;3.0;0.0;3.0;6.0;5.0;1.0;9.0;GR1
2000-2001; PSV Eindhoven;6.0;3.0;0.0;3.0;9.0;9.0;0.0;9.0;GR1
2000-2001; Sparta Prague;8.0;3.0;0.0;5.0;8.0;13.0;-5.0;9.0;GR1
2000-2001; Barcelona;6.0;2.0;2.0;2.0;13.0;9.0;4.0;8.0;GR1
2000-2001; Monaco;6.0;2.0;1.0;3.0;13.0;10.0;3.0;7.0;GR1
2000-2001; Leverkusen;6.0;2.0;1.0;3.0;9.0;12.0;-3.0;7.0;GR1
2000-2001; Dynamo Kyiv;8.0;1.0;3.0;4.0;8.0;9.0;-1.0;6.0;GR1
2000-2001; Juventus;6.0;1.0;3.0;2.0;9.0;12.0;-3.0;6.0;GR1
2000-2001; Heerenveen;6.0;1.0;1.0;4.0;3.0;9.0;-6.0;4.0;GR1
2000-2001; Sporting CP;6.0;0.0;2.0;4.0;5.0;15.0;-10.0;2.0;GR1
2000-2001; Bayern Munich;17.0;11.0;5.0;2.0;24.0;12.0;12.0;38.0;W
2000-2001; Valencia;19.0;10.0;8.0;2.0;27.0;10.0;17.0;38.0;F
2000-2001; Real Madrid;16.0;9.0;2.0;5.0;35.0;23.0;12.0;29.0;SF
2000-2001; Leeds United;18.0;8.0;5.0;5.0;27.0;22.0;5.0;29.0;SF
2000-2001; Galatasaray;16.0;7.0;4.0;5.0;23.0;27.0;-4.0;25.0;QF
2000-2001; Arsenal;14.0;7.0;3.0;4.0;19.0;18.0;1.0;24.0;QF
2000-2001; La Coruña;14.0;6.0;5.0;3.0;18.0;14.0;4.0;23.0;QF
2000-2001; Manchester Utd;14.0;6.0;4.0;4.0;22.0;13.0;9.0;22.0;QF
2001-2002; Galatasaray;16.0;6.0;7.0;3.0;19.0;13.0;6.0;25.0;GR2
2001-2002; Porto;16.0;6.0;3.0;7.0;24.0;19.0;5.0;21.0;GR2
2001-2002; Juventus;12.0;5.0;3.0;4.0;18.0;16.0;2.0;18.0;GR2
2001-2002; Sparta Prague;12.0;5.0;2.0;5.0;16.0;13.0;3.0;17.0;GR2
2001-2002; Roma;12.0;3.0;7.0;2.0;12.0;10.0;2.0;16.0;GR2
2001-2002; Arsenal;12.0;5.0;1.0;6.0;17.0;17.0;0.0;16.0;GR2
2001-2002; Dortmund;8.0;4.0;2.0;2.0;11.0;8.0;3.0;14.0;GR1
2001-2002; Nantes;12.0;3.0;4.0;5.0;12.0;14.0;-2.0;13.0;GR2
2001-2002;Anderlecht;10.0;3.0;4.0;3.0;14.0;17.0;-3.0;13.0;GR1
2001-2002; Boavista;12.0;3.0;4.0;5.0;10.0;15.0;-5.0;13.0;GR2
2001-2002; Celtic;8.0;4.0;0.0;4.0;11.0;13.0;-2.0;12.0;GR1
2001-2002; Mallorca;8.0;4.0;0.0;4.0;6.0;10.0;-4.0;12.0;GR1
2001-2002; Loko Moscow;8.0;3.0;1.0;4.0;12.0;11.0;1.0;10.0;GR1
2001-2002; Lyon;6.0;3.0;0.0;3.0;10.0;9.0;1.0;9.0;GR1
2001-2002; Lille;8.0;2.0;3.0;3.0;9.0;8.0;1.0;9.0;GR1
2001-2002; Lazio;8.0;3.0;0.0;5.0;9.0;10.0;-1.0;9.0;GR1
2001-2002; Rosenborg;8.0;2.0;2.0;4.0;11.0;9.0;2.0;8.0;GR1
2001-2002; Dynamo Kyiv;8.0;2.0;2.0;4.0;10.0;12.0;-2.0;8.0;GR1
2001-2002; PSV Eindhoven;6.0;2.0;1.0;3.0;6.0;9.0;-3.0;7.0;GR1
2001-2002; Schalke 04;6.0;2.0;0.0;4.0;9.0;9.0;0.0;6.0;GR1
2001-2002;Olympiacos;6.0;1.0;2.0;3.0;6.0;12.0;-6.0;5.0;GR1
2001-2002; Feyenoord;6.0;1.0;2.0;3.0;7.0;14.0;-7.0;5.0;GR1
2001-2002; Fenerbahçe;8.0;1.0;1.0;6.0;5.0;13.0;-8.0;4.0;GR1
2001-2002; Spartak Moscow;6.0;0.0;2.0;4.0;7.0;16.0;-9.0;2.0;GR1
2001-2002; Real Madrid;17.0;12.0;4.0;2.0;35.0;14.0;21.0;40.0;W
2001-2002; Leverkusen;19.0;9.0;5.0;6.0;32.0;28.0;4.0;32.0;F
2001-2002; Barcelona;18.0;10.0;4.0;4.0;28.0;20.0;8.0;34.0;SF
2001-2002; Manchester Utd;16.0;8.0;6.0;2.0;31.0;14.0;17.0;30.0;SF
2001-2002; Bayern Munich;14.0;8.0;5.0;1.0;21.0;10.0;11.0;29.0;QF
2001-2002;Panathinaikos;16.0;9.0;2.0;5.0;20.0;15.0;5.0;29.0;QF
2001-2002; Liverpool;16.0;7.0;7.0;2.0;23.0;12.0;11.0;28.0;QF
2001-2002; La Coruña;14.0;5.0;5.0;4.0;19.0;19.0;0.0;20.0;QF
2002-2003; Basel;16.0;6.0;5.0;5.0;24.0;26.0;-2.0;23.0;GR2
2002-2003; Newcastle Utd;14.0;7.0;1.0;6.0;21.0;21.0;0.0;22.0;GR2
2002-2003; Dortmund;12.0;6.0;2.0;4.0;16.0;12.0;4.0;20.0;GR2
2002-2003; La Coruña;12.0;6.0;1.0;5.0;18.0;20.0;-2.0;19.0;GR2
2002-2003; Maccabi Haifa;10.0;5.0;2.0;3.0;22.0;15.0;7.0;17.0;GR1
2002-2003; Arsenal;12.0;4.0;5.0;3.0;15.0;9.0;6.0;17.0;GR2
2002-2003; Dynamo Kyiv;10.0;5.0;2.0;3.0;14.0;11.0;3.0;17.0;GR1
2002-2003; Roma;12.0;3.0;5.0;4.0;10.0;12.0;-2.0;14.0;GR2
2002-2003;Club Brugge;10.0;3.0;4.0;3.0;11.0;10.0;1.0;13.0;GR1
2002-2003;AEK Athens;8.0;2.0;6.0;0.0;11.0;9.0;2.0;12.0;GR1
2002-2003; Loko Moscow;14.0;3.0;3.0;8.0;13.0;20.0;-7.0;12.0;GR2
2002-2003; Feyenoord;8.0;3.0;2.0;3.0;7.0;8.0;-1.0;11.0;GR1
2002-2003; Auxerre;8.0;3.0;2.0;3.0;5.0;7.0;-2.0;11.0;GR1
2002-2003; Rosenborg;8.0;2.0;4.0;2.0;8.0;14.0;-6.0;10.0;GR1
2002-2003; Leverkusen;12.0;3.0;0.0;9.0;14.0;26.0;-12.0;9.0;GR2
2002-2003; Liverpool;6.0;2.0;2.0;2.0;12.0;8.0;4.0;8.0;GR1
2002-2003; Lyon;6.0;2.0;2.0;2.0;12.0;9.0;3.0;8.0;GR1
2002-2003; Bayern Munich;8.0;2.0;2.0;4.0;15.0;14.0;1.0;8.0;GR1
2002-2003; Lens;6.0;2.0;2.0;2.0;11.0;11.0;0.0;8.0;GR1
2002-2003;Genk;8.0;1.0;4.0;3.0;6.0;13.0;-7.0;7.0;GR1
2002-2003; PSV Eindhoven;6.0;1.0;3.0;2.0;5.0;8.0;-3.0;6.0;GR1
2002-2003; Galatasaray;6.0;1.0;1.0;4.0;5.0;10.0;-5.0;4.0;GR1
2002-2003;Olympiacos;6.0;1.0;1.0;4.0;11.0;17.0;-6.0;4.0;GR1
2002-2003; Spartak Moscow;6.0;0.0;0.0;6.0;1.0;18.0;-17.0;0.0;GR1
2002-2003; Milan;19.0;10.0;5.0;5.0;23.0;16.0;7.0;35.0;W
2002-2003; Juventus;17.0;8.0;5.0;5.0;30.0;19.0;11.0;29.0;F
2002-2003; Inter;18.0;8.0;7.0;3.0;28.0;19.0;9.0;31.0;SF
2002-2003; Real Madrid;16.0;7.0;5.0;4.0;33.0;22.0;11.0;26.0;SF
2002-2003; Barcelona;16.0;13.0;2.0;1.0;31.0;9.0;22.0;41.0;QF
2002-2003; Manchester Utd;16.0;11.0;1.0;4.0;37.0;20.0;17.0;34.0;QF
2002-2003; Valencia;14.0;8.0;4.0;2.0;24.0;12.0;12.0;28.0;QF
2002-2003; Ajax;14.0;3.0;8.0;3.0;14.0;13.0;1.0;17.0;QF
2003-2004; Porto;13.0;7.0;6.0;1.0;20.0;12.0;8.0;27.0;W
2003-2004; Monaco;13.0;6.0;4.0;4.0;27.0;19.0;8.0;22.0;F
2003-2004; Chelsea;14.0;8.0;4.0;2.0;21.0;10.0;11.0;28.0;SF
2003-2004; La Coruña;14.0;7.0;3.0;4.0;20.0;17.0;3.0;24.0;SF
2003-2004; Real Madrid;10.0;6.0;3.0;1.0;18.0;11.0;7.0;21.0;QF
2003-2004; Arsenal;10.0;5.0;2.0;3.0;16.0;11.0;5.0;17.0;QF
2003-2004; Milan;10.0;5.0;2.0;3.0;12.0;9.0;3.0;17.0;QF
2003-2004; Lyon;10.0;5.0;2.0;3.0;11.0;11.0;0.0;17.0;QF
2003-2004; Manchester Utd;8.0;5.0;1.0;2.0;15.0;5.0;10.0;16.0;R16
2003-2004; Loko Moscow;10.0;4.0;2.0;4.0;12.0;11.0;1.0;14.0;R16
2003-2004; Juventus;8.0;4.0;1.0;3.0;15.0;8.0;7.0;13.0;R16
2003-2004; Stuttgart;8.0;4.0;1.0;3.0;9.0;7.0;2.0;13.0;R16
2003-2004; Sparta Prague;10.0;3.0;4.0;3.0;11.0;13.0;-2.0;13.0;R16
2003-2004; Celta Vigo;10.0;3.0;3.0;4.0;12.0;13.0;-1.0;12.0;R16
2003-2004; Bayern Munich;8.0;2.0;4.0;2.0;7.0;7.0;0.0;10.0;R16
2003-2004; Real Sociedad;8.0;2.0;3.0;3.0;8.0;10.0;-2.0;9.0;R16
2003-2004; Celtic;10.0;6.0;1.0;3.0;18.0;7.0;11.0;19.0;GR
2003-2004;Anderlecht;10.0;5.0;2.0;3.0;11.0;9.0;2.0;17.0;GR
2003-2004; Dynamo Kyiv;8.0;4.0;1.0;3.0;13.0;9.0;4.0;13.0;GR
2003-2004; Galatasaray;8.0;4.0;1.0;3.0;12.0;8.0;4.0;13.0;GR
2003-2004; Lazio;8.0;3.0;2.0;3.0;10.0;11.0;-1.0;11.0;GR
2003-2004;Club Brugge;8.0;3.0;2.0;3.0;8.0;9.0;-1.0;11.0;GR
2003-2004; PSV Eindhoven;6.0;3.0;1.0;2.0;8.0;7.0;1.0;10.0;GR
2003-2004; Ajax;8.0;3.0;1.0;4.0;9.0;9.0;0.0;10.0;GR
2003-2004; Marseille;8.0;2.0;2.0;4.0;10.0;11.0;-1.0;8.0;GR
2003-2004; Inter;6.0;2.0;2.0;2.0;8.0;11.0;-3.0;8.0;GR
2003-2004; Partizan;10.0;1.0;5.0;4.0;7.0;12.0;-5.0;8.0;GR
2003-2004; Rangers;8.0;2.0;2.0;4.0;7.0;12.0;-5.0;8.0;GR
2003-2004; Beşiktaş;6.0;2.0;1.0;3.0;5.0;7.0;-2.0;7.0;GR
2003-2004;AEK Athens;8.0;1.0;2.0;5.0;4.0;13.0;-9.0;5.0;GR
2003-2004;Olympiacos;6.0;1.0;1.0;4.0;6.0;13.0;-7.0;4.0;GR
2003-2004;Panathinaikos;6.0;1.0;1.0;4.0;5.0;13.0;-8.0;4.0;GR
2004-2005; Liverpool;15.0;8.0;5.0;3.0;20.0;10.0;10.0;29.0;W
2004-2005; Milan;13.0;9.0;3.0;2.0;23.0;9.0;14.0;30.0;F
2004-2005; PSV Eindhoven;14.0;7.0;3.0;4.0;21.0;15.0;6.0;24.0;SF
2004-2005; Chelsea;12.0;6.0;2.0;4.0;21.0;13.0;8.0;20.0;SF
2004-2005; Juventus;12.0;7.0;3.0;2.0;15.0;7.0;8.0;24.0;QF
2004-2005; Inter;12.0;6.0;4.0;2.0;23.0;12.0;11.0;22.0;QF
2004-2005; Lyon;10.0;6.0;3.0;1.0;29.0;12.0;17.0;21.0;QF
2004-2005; Bayern Munich;10.0;5.0;1.0;4.0;20.0;13.0;7.0;16.0;QF
2004-2005; Real Madrid;10.0;6.0;2.0;2.0;17.0;11.0;6.0;20.0;R16
2004-2005; Monaco;10.0;6.0;0.0;4.0;19.0;7.0;12.0;18.0;R16
2004-2005; Manchester Utd;10.0;5.0;2.0;3.0;19.0;12.0;7.0;17.0;R16
2004-2005; Leverkusen;10.0;4.0;2.0;4.0;21.0;15.0;6.0;14.0;R16
2004-2005; Arsenal;8.0;3.0;4.0;1.0;13.0;9.0;4.0;13.0;R16
2004-2005; Barcelona;8.0;4.0;1.0;3.0;13.0;11.0;2.0;13.0;R16
2004-2005; Werder Bremen;8.0;4.0;1.0;3.0;14.0;16.0;-2.0;13.0;R16
2004-2005; Porto;8.0;2.0;3.0;3.0;6.0;10.0;-4.0;9.0;R16
2004-2005; Shakhtar;10.0;5.0;1.0;4.0;15.0;13.0;2.0;16.0;GR
2004-2005; CSKA Moscow;10.0;4.0;3.0;3.0;10.0;7.0;3.0;15.0;GR
2004-2005; Rosenborg;10.0;4.0;2.0;4.0;15.0;17.0;-2.0;14.0;GR
2004-2005; Maccabi Tel Aviv;10.0;4.0;2.0;4.0;9.0;12.0;-3.0;14.0;GR
2004-2005; Dynamo Kyiv;8.0;4.0;1.0;3.0;14.0;10.0;4.0;13.0;GR
2004-2005;Olympiacos;6.0;3.0;1.0;2.0;5.0;5.0;0.0;10.0;GR
2004-2005;Panathinaikos;6.0;2.0;3.0;1.0;11.0;8.0;3.0;9.0;GR
2004-2005; Fenerbahçe;6.0;3.0;0.0;3.0;10.0;13.0;-3.0;9.0;GR
2004-2005; Sparta Prague;10.0;2.0;2.0;6.0;8.0;17.0;-9.0;8.0;GR
2004-2005; Valencia;6.0;2.0;1.0;3.0;6.0;10.0;-4.0;7.0;GR
2004-2005; La Coruña;8.0;1.0;3.0;4.0;3.0;9.0;-6.0;6.0;GR
2004-2005; Paris S-G;6.0;1.0;2.0;3.0;3.0;8.0;-5.0;5.0;GR
2004-2005; Celtic;6.0;1.0;2.0;3.0;4.0;10.0;-6.0;5.0;GR
2004-2005; Ajax;6.0;1.0;1.0;4.0;6.0;10.0;-4.0;4.0;GR
2004-2005;Anderlecht;8.0;1.0;0.0;7.0;7.0;18.0;-11.0;3.0;GR
2004-2005; Roma;6.0;0.0;1.0;5.0;4.0;16.0;-12.0;1.0;GR
2005-2006; Barcelona;13.0;9.0;5.0;0.0;24.0;5.0;19.0;32.0;W
2005-2006; Arsenal;13.0;8.0;5.0;1.0;15.0;4.0;11.0;29.0;F
2005-2006; Villarreal;14.0;5.0;7.0;2.0;12.0;9.0;3.0;22.0;SF
2005-2006; Milan;12.0;5.0;5.0;2.0;20.0;10.0;10.0;20.0;SF
2005-2006; Inter;12.0;7.0;3.0;2.0;17.0;9.0;8.0;24.0;QF
2005-2006; Lyon;10.0;7.0;2.0;1.0;19.0;7.0;12.0;23.0;QF
2005-2006; Juventus;10.0;6.0;1.0;3.0;16.0;11.0;5.0;19.0;QF
2005-2006; Benfica;10.0;4.0;3.0;3.0;8.0;7.0;1.0;15.0;QF
2005-2006; Liverpool;14.0;8.0;3.0;3.0;20.0;7.0;13.0;27.0;R16
2005-2006; Ajax;10.0;4.0;4.0;2.0;17.0;12.0;5.0;16.0;R16
2005-2006; Rangers;10.0;3.0;6.0;1.0;14.0;11.0;3.0;15.0;R16
2005-2006; Bayern Munich;8.0;4.0;2.0;2.0;12.0;9.0;3.0;14.0;R16
2005-2006; Werder Bremen;10.0;4.0;1.0;5.0;20.0;18.0;2.0;13.0;R16
2005-2006; Chelsea;8.0;3.0;3.0;2.0;9.0;4.0;5.0;12.0;R16
2005-2006; Real Madrid;8.0;3.0;2.0;3.0;10.0;9.0;1.0;11.0;R16
2005-2006; PSV Eindhoven;8.0;3.0;1.0;4.0;4.0;11.0;-7.0;10.0;R16
2005-2006; Thun;10.0;4.0;2.0;4.0;11.0;11.0;0.0;14.0;GR
2005-2006; Artmedia;12.0;3.0;5.0;4.0;14.0;16.0;-2.0;14.0;GR
2005-2006; Udinese;8.0;4.0;1.0;3.0;14.0;14.0;0.0;13.0;GR
2005-2006; Manchester Utd;8.0;3.0;3.0;2.0;9.0;4.0;5.0;12.0;GR
2005-2006;Anderlecht;10.0;4.0;0.0;6.0;10.0;10.0;0.0;12.0;GR
2005-2006; Betis;8.0;3.0;2.0;3.0;6.0;9.0;-3.0;11.0;GR
2005-2006;Club Brugge;8.0;3.0;1.0;4.0;7.0;8.0;-1.0;10.0;GR
2005-2006;Rapid Wien;10.0;3.0;1.0;6.0;14.0;19.0;-5.0;10.0;GR
2005-2006; Schalke 04;6.0;2.0;2.0;2.0;12.0;9.0;3.0;8.0;GR
2005-2006; Rosenborg;8.0;2.0;2.0;4.0;10.0;14.0;-4.0;8.0;GR
2005-2006;Panathinaikos;8.0;2.0;1.0;5.0;9.0;20.0;-11.0;7.0;GR
2005-2006; Lille;6.0;1.0;3.0;2.0;1.0;2.0;-1.0;6.0;GR
2005-2006; Porto;6.0;1.0;2.0;3.0;8.0;9.0;-1.0;5.0;GR
2005-2006;Olympiacos;6.0;1.0;1.0;4.0;7.0;13.0;-6.0;4.0;GR
2005-2006; Fenerbahçe;6.0;1.0;1.0;4.0;7.0;14.0;-7.0;4.0;GR
2005-2006; Sparta Prague;6.0;0.0;2.0;4.0;2.0;9.0;-7.0;2.0;GR
2006-2007; Milan;15.0;9.0;4.0;3.0;23.0;11.0;12.0;31.0;W
2006-2007; Liverpool;15.0;9.0;3.0;4.0;22.0;12.0;10.0;30.0;F
2006-2007; Manchester Utd;12.0;8.0;0.0;4.0;23.0;13.0;10.0;24.0;SF
2006-2007; Chelsea;12.0;7.0;3.0;2.0;17.0;9.0;8.0;24.0;SF
2006-2007; Valencia;12.0;5.0;4.0;3.0;19.0;12.0;7.0;19.0;QF
2006-2007; Roma;10.0;5.0;2.0;3.0;13.0;12.0;1.0;17.0;QF
2006-2007; Bayern Munich;10.0;4.0;4.0;2.0;16.0;11.0;5.0;16.0;QF
2006-2007; PSV Eindhoven;10.0;4.0;2.0;4.0;8.0;11.0;-3.0;14.0;QF
2006-2007; Arsenal;10.0;5.0;3.0;2.0;13.0;6.0;7.0;18.0;R16
2006-2007; Lyon;8.0;4.0;3.0;1.0;12.0;5.0;7.0;15.0;R16
2006-2007; Lille;10.0;4.0;3.0;3.0;12.0;7.0;5.0;15.0;R16
2006-2007; Barcelona;8.0;4.0;2.0;2.0;14.0;6.0;8.0;14.0;R16
2006-2007; Real Madrid;8.0;4.0;2.0;2.0;18.0;12.0;6.0;14.0;R16
2006-2007; Porto;8.0;3.0;3.0;2.0;11.0;7.0;4.0;12.0;R16
2006-2007; Inter;8.0;3.0;3.0;2.0;7.0;7.0;0.0;12.0;R16
2006-2007; Celtic;8.0;3.0;1.0;4.0;8.0;10.0;-2.0;10.0;R16
2006-2007; Steaua;10.0;4.0;3.0;3.0;16.0;14.0;2.0;15.0;GR
2006-2007; CSKA Moscow;8.0;4.0;2.0;2.0;9.0;5.0;4.0;14.0;GR
2006-2007;AEK Athens;8.0;4.0;2.0;2.0;11.0;10.0;1.0;14.0;GR
2006-2007; FC Copenhagen;10.0;4.0;2.0;4.0;12.0;12.0;0.0;14.0;GR
2006-2007; Dynamo Kyiv;10.0;3.0;3.0;4.0;18.0;20.0;-2.0;12.0;GR
2006-2007; Shakhtar;8.0;3.0;3.0;2.0;10.0;13.0;-3.0;12.0;GR
2006-2007; Benfica;8.0;3.0;2.0;3.0;11.0;9.0;2.0;11.0;GR
2006-2007; Spartak Moscow;10.0;2.0;5.0;3.0;10.0;13.0;-3.0;11.0;GR
2006-2007; Werder Bremen;6.0;3.0;1.0;2.0;7.0;5.0;2.0;10.0;GR
2006-2007; Levski Sofia;10.0;3.0;1.0;6.0;9.0;19.0;-10.0;10.0;GR
2006-2007; Galatasaray;8.0;2.0;2.0;4.0;13.0;15.0;-2.0;8.0;GR
2006-2007; Bordeaux;6.0;2.0;1.0;3.0;6.0;7.0;-1.0;7.0;GR
2006-2007; Sporting CP;6.0;1.0;2.0;3.0;3.0;6.0;-3.0;5.0;GR
2006-2007; Hamburger SV;8.0;1.0;2.0;5.0;8.0;16.0;-8.0;5.0;GR
2006-2007;Anderlecht;6.0;0.0;4.0;2.0;7.0;11.0;-4.0;4.0;GR
2006-2007;Olympiacos;6.0;0.0;3.0;3.0;6.0;11.0;-5.0;3.0;GR
2007-2008; Manchester Utd;13.0;9.0;5.0;0.0;20.0;6.0;14.0;32.0;W
2007-2008; Chelsea;13.0;6.0;7.0;1.0;20.0;8.0;12.0;25.0;F
2007-2008; Liverpool;14.0;8.0;3.0;3.0;34.0;12.0;22.0;27.0;SF
2007-2008; Barcelona;12.0;8.0;3.0;1.0;18.0;6.0;12.0;27.0;SF
2007-2008; Arsenal;12.0;7.0;3.0;2.0;24.0;9.0;15.0;24.0;QF
2007-2008; Fenerbahçe;12.0;7.0;2.0;3.0;18.0;14.0;4.0;23.0;QF
2007-2008; Roma;10.0;5.0;2.0;3.0;15.0;11.0;4.0;17.0;QF
2007-2008; Schalke 04;10.0;3.0;2.0;5.0;6.0;7.0;-1.0;11.0;QF
2007-2008; Sevilla;10.0;8.0;0.0;2.0;25.0;13.0;12.0;24.0;R16
2007-2008; Inter;8.0;5.0;0.0;3.0;12.0;7.0;5.0;15.0;R16
2007-2008; Milan;8.0;4.0;2.0;2.0;12.0;7.0;5.0;14.0;R16
2007-2008; Porto;8.0;4.0;2.0;2.0;9.0;8.0;1.0;14.0;R16
2007-2008;Olympiacos;8.0;3.0;3.0;2.0;11.0;10.0;1.0;12.0;R16
2007-2008; Real Madrid;8.0;3.0;2.0;3.0;15.0;13.0;2.0;11.0;R16
2007-2008; Lyon;8.0;3.0;2.0;3.0;12.0;12.0;0.0;11.0;R16
2007-2008; Celtic;10.0;3.0;2.0;5.0;9.0;12.0;-3.0;11.0;R16
2007-2008; Rosenborg;10.0;6.0;1.0;3.0;21.0;12.0;9.0;19.0;GR
2007-2008; Rangers;10.0;5.0;2.0;3.0;11.0;9.0;2.0;17.0;GR
2007-2008; Beşiktaş;10.0;5.0;1.0;4.0;11.0;16.0;-5.0;16.0;GR
2007-2008; Shakhtar;10.0;5.0;0.0;5.0;13.0;14.0;-1.0;15.0;GR
2007-2008; Benfica;8.0;4.0;1.0;3.0;8.0;7.0;1.0;13.0;GR
2007-2008; Slavia Prague;10.0;3.0;4.0;3.0;8.0;17.0;-9.0;13.0;GR
2007-2008; Werder Bremen;8.0;4.0;0.0;4.0;13.0;16.0;-3.0;12.0;GR
2007-2008; Valencia;8.0;3.0;2.0;3.0;7.0;7.0;0.0;11.0;GR
2007-2008; Steaua;10.0;3.0;2.0;5.0;11.0;13.0;-2.0;11.0;GR
2007-2008; Lazio;8.0;2.0;3.0;3.0;12.0;13.0;-1.0;9.0;GR
2007-2008; Sporting CP;6.0;2.0;1.0;3.0;9.0;8.0;1.0;7.0;GR
2007-2008; Marseille;6.0;2.0;1.0;3.0;6.0;9.0;-3.0;7.0;GR
2007-2008; PSV Eindhoven;6.0;2.0;1.0;3.0;3.0;6.0;-3.0;7.0;GR
2007-2008; Dynamo Kyiv;8.0;2.0;0.0;6.0;8.0;19.0;-11.0;6.0;GR
2007-2008; Stuttgart;6.0;1.0;0.0;5.0;7.0;15.0;-8.0;3.0;GR
2007-2008; CSKA Moscow;6.0;0.0;1.0;5.0;7.0;14.0;-7.0;1.0;GR
2008-2009; Barcelona;15.0;8.0;6.0;2.0;36.0;14.0;22.0;30.0;W
2008-2009; Manchester Utd;13.0;6.0;7.0;1.0;18.0;8.0;10.0;25.0;F
2008-2009; Arsenal;14.0;7.0;3.0;4.0;23.0;11.0;12.0;24.0;SF
2008-2009; Chelsea;12.0;5.0;6.0;1.0;20.0;13.0;7.0;21.0;SF
2008-2009; Liverpool;12.0;7.0;4.0;1.0;22.0;12.0;10.0;25.0;QF
2008-2009; Bayern Munich;10.0;6.0;3.0;1.0;25.0;10.0;15.0;21.0;QF
2008-2009; Porto;10.0;4.0;3.0;3.0;13.0;13.0;0.0;15.0;QF
2008-2009; Villarreal;10.0;3.0;5.0;2.0;13.0;13.0;0.0;14.0;QF
2008-2009;Panathinaikos;12.0;6.0;3.0;3.0;16.0;11.0;5.0;21.0;R16
2008-2009; Atlético Madrid;10.0;4.0;5.0;1.0;15.0;7.0;8.0;17.0;R16
2008-2009; Juventus;10.0;4.0;5.0;1.0;14.0;7.0;7.0;17.0;R16
2008-2009; Roma;8.0;5.0;0.0;3.0;13.0;7.0;6.0;15.0;R16
2008-2009; Lyon;8.0;3.0;3.0;2.0;17.0;16.0;1.0;12.0;R16
2008-2009; Real Madrid;8.0;4.0;0.0;4.0;9.0;10.0;-1.0;12.0;R16
2008-2009; Sporting CP;8.0;4.0;0.0;4.0;9.0;20.0;-11.0;12.0;R16
2008-2009; Inter;8.0;2.0;3.0;3.0;8.0;9.0;-1.0;9.0;R16
2008-2009; Dynamo Kyiv;10.0;5.0;3.0;2.0;16.0;9.0;7.0;18.0;GR
2008-2009; Anorthosis;12.0;5.0;3.0;4.0;18.0;12.0;6.0;18.0;GR
2008-2009; Aalborg;10.0;5.0;3.0;2.0;20.0;15.0;5.0;18.0;GR
2008-2009;BATE Borisov;12.0;4.0;5.0;3.0;12.0;12.0;0.0;17.0;GR
2008-2009; Shakhtar;8.0;5.0;0.0;3.0;16.0;8.0;8.0;15.0;GR
2008-2009; Fenerbahçe;10.0;3.0;3.0;4.0;15.0;14.0;1.0;12.0;GR
2008-2009; Marseille;8.0;3.0;1.0;4.0;8.0;8.0;0.0;10.0;GR
2008-2009; Fiorentina;8.0;2.0;4.0;2.0;7.0;8.0;-1.0;10.0;GR
2008-2009; Basel;10.0;2.0;3.0;5.0;9.0;20.0;-11.0;9.0;GR
2008-2009; Werder Bremen;6.0;1.0;4.0;1.0;7.0;9.0;-2.0;7.0;GR
2008-2009; Bordeaux;6.0;2.0;1.0;3.0;5.0;11.0;-6.0;7.0;GR
2008-2009; Celtic;6.0;1.0;2.0;3.0;4.0;7.0;-3.0;5.0;GR
2008-2009; Zenit;6.0;1.0;2.0;3.0;4.0;7.0;-3.0;5.0;GR
2008-2009; Steaua;8.0;1.0;2.0;5.0;6.0;14.0;-8.0;5.0;GR
2008-2009; CFR Cluj;6.0;1.0;1.0;4.0;5.0;9.0;-4.0;4.0;GR
2008-2009; PSV Eindhoven;6.0;1.0;0.0;5.0;5.0;14.0;-9.0;3.0;GR
2009-2010; Inter;13.0;8.0;3.0;2.0;17.0;9.0;8.0;27.0;W
2009-2010; Bayern Munich;13.0;7.0;1.0;5.0;21.0;15.0;6.0;22.0;F
2009-2010; Lyon;14.0;8.0;3.0;3.0;25.0;12.0;13.0;27.0;SF
2009-2010; Barcelona;12.0;3.0;7.0;2.0;20.0;10.0;10.0;16.0;SF
2009-2010; Bordeaux;10.0;6.0;3.0;1.0;14.0;6.0;8.0;21.0;QF
2009-2010; Arsenal;12.0;5.0;4.0;3.0;26.0;14.0;12.0;19.0;QF
2009-2010; Manchester Utd;10.0;5.0;3.0;2.0;21.0;12.0;9.0;18.0;QF
2009-2010; CSKA Moscow;10.0;4.0;3.0;3.0;13.0;14.0;-1.0;15.0;QF
2009-2010; Fiorentina;10.0;5.0;3.0;2.0;21.0;14.0;7.0;18.0;R16
2009-2010;Olympiacos;12.0;5.0;3.0;4.0;12.0;8.0;4.0;18.0;R16
2009-2010; Sevilla;8.0;4.0;3.0;1.0;13.0;7.0;6.0;15.0;R16
2009-2010; Chelsea;8.0;4.0;3.0;1.0;12.0;7.0;5.0;15.0;R16
2009-2010; Porto;8.0;5.0;0.0;3.0;10.0;9.0;1.0;15.0;R16
2009-2010; Real Madrid;8.0;4.0;2.0;2.0;16.0;9.0;7.0;14.0;R16
2009-2010; Stuttgart;10.0;3.0;5.0;2.0;12.0;12.0;0.0;14.0;R16
2009-2010; Milan;8.0;2.0;3.0;3.0;10.0;14.0;-4.0;9.0;R16
2009-2010; Maccabi Haifa;12.0;3.0;3.0;6.0;19.0;12.0;7.0;12.0;GR
2009-2010; APOEL FC;12.0;2.0;5.0;5.0;14.0;10.0;4.0;11.0;GR
2009-2010; Zürich;10.0;3.0;2.0;5.0;15.0;18.0;-3.0;11.0;GR
2009-2010; Debrecen;12.0;3.0;2.0;7.0;14.0;23.0;-9.0;11.0;GR
2009-2010; Unirea Urziceni;6.0;2.0;2.0;2.0;8.0;8.0;0.0;8.0;GR
2009-2010; Juventus;6.0;2.0;2.0;2.0;4.0;7.0;-3.0;8.0;GR
2009-2010; Wolfsburg;6.0;2.0;1.0;3.0;9.0;8.0;1.0;7.0;GR
2009-2010; Marseille;6.0;2.0;1.0;3.0;10.0;10.0;0.0;7.0;GR
2009-2010; Liverpool;6.0;2.0;1.0;3.0;5.0;7.0;-2.0;7.0;GR
2009-2010; Atlético Madrid;8.0;1.0;4.0;3.0;8.0;14.0;-6.0;7.0;GR
2009-2010; Rubin Kazan;6.0;1.0;3.0;2.0;4.0;7.0;-3.0;6.0;GR
2009-2010; Dynamo Kyiv;6.0;1.0;2.0;3.0;7.0;9.0;-2.0;5.0;GR
2009-2010;Standard Liège;6.0;1.0;2.0;3.0;7.0;9.0;-2.0;5.0;GR
2009-2010; AZ Alkmaar;6.0;0.0;4.0;2.0;4.0;8.0;-4.0;4.0;GR
2009-2010; Beşiktaş;6.0;1.0;1.0;4.0;3.0;8.0;-5.0;4.0;GR
2009-2010; Rangers;6.0;0.0;2.0;4.0;4.0;13.0;-9.0;2.0;GR
2010-2011; Barcelona;13.0;8.0;4.0;1.0;30.0;9.0;21.0;28.0;W
2010-2011; Manchester Utd;13.0;6.0;6.0;1.0;19.0;7.0;12.0;24.0;F
2010-2011; Real Madrid;12.0;7.0;4.0;1.0;25.0;6.0;19.0;25.0;SF
2010-2011; Schalke 04;12.0;5.0;4.0;3.0;22.0;14.0;8.0;19.0;SF
2010-2011; Shakhtar;10.0;6.0;2.0;2.0;19.0;14.0;5.0;20.0;QF
2010-2011; Chelsea;10.0;6.0;1.0;3.0;17.0;7.0;10.0;19.0;QF
2010-2011; Tottenham;12.0;4.0;5.0;3.0;25.0;19.0;6.0;17.0;QF
2010-2011; Inter;10.0;4.0;1.0;5.0;18.0;21.0;-3.0;13.0;QF
2010-2011; Bayern Munich;8.0;6.0;1.0;1.0;19.0;9.0;10.0;19.0;R16
2010-2011; Arsenal;8.0;5.0;0.0;3.0;21.0;11.0;10.0;15.0;R16
2010-2011; FC Copenhagen;12.0;3.0;5.0;4.0;12.0;11.0;1.0;14.0;R16
2010-2011; Marseille;8.0;4.0;1.0;3.0;13.0;5.0;8.0;13.0;R16
2010-2011; Valencia;8.0;3.0;3.0;2.0;17.0;8.0;9.0;12.0;R16
2010-2011; Lyon;8.0;3.0;2.0;3.0;12.0;14.0;-2.0;11.0;R16
2010-2011; Roma;8.0;3.0;1.0;4.0;12.0;17.0;-5.0;10.0;R16
2010-2011; Milan;8.0;2.0;3.0;3.0;7.0;8.0;-1.0;9.0;R16
2010-2011; Braga;10.0;6.0;0.0;4.0;14.0;16.0;-2.0;18.0;GR
2010-2011; Hapoel Tel Aviv;12.0;4.0;4.0;4.0;20.0;15.0;5.0;16.0;GR
2010-2011; Basel;10.0;5.0;1.0;4.0;17.0;12.0;5.0;16.0;GR
2010-2011; Partizan;12.0;4.0;2.0;6.0;15.0;19.0;-4.0;14.0;GR
2010-2011; Ajax;10.0;2.0;5.0;3.0;13.0;16.0;-3.0;11.0;GR
2010-2011; Spartak Moscow;6.0;3.0;0.0;3.0;7.0;10.0;-3.0;9.0;GR
2010-2011; Werder Bremen;8.0;2.0;2.0;4.0;11.0;16.0;-5.0;8.0;GR
2010-2011; MŠK Žilina;12.0;1.0;4.0;7.0;13.0;22.0;-9.0;7.0;GR
2010-2011; Twente;6.0;1.0;3.0;2.0;9.0;11.0;-2.0;6.0;GR
2010-2011; Rubin Kazan;6.0;1.0;3.0;2.0;2.0;4.0;-2.0;6.0;GR
2010-2011; Rangers;6.0;1.0;3.0;2.0;3.0;6.0;-3.0;6.0;GR
2010-2011; Benfica;6.0;2.0;0.0;4.0;7.0;12.0;-5.0;6.0;GR
2010-2011; CFR Cluj;6.0;1.0;1.0;4.0;6.0;12.0;-6.0;4.0;GR
2010-2011; Auxerre;8.0;1.0;1.0;6.0;5.0;13.0;-8.0;4.0;GR
2010-2011;Panathinaikos;6.0;0.0;2.0;4.0;2.0;13.0;-11.0;2.0;GR
2010-2011; Bursaspor;6.0;0.0;1.0;5.0;2.0;16.0;-14.0;1.0;GR
2011-2012; Chelsea;13.0;5.0;6.0;2.0;25.0;12.0;13.0;21.0;W
2011-2012; Bayern Munich;15.0;8.0;4.0;3.0;29.0;11.0;18.0;28.0;F
2011-2012; Real Madrid;12.0;7.0;4.0;1.0;35.0;9.0;26.0;25.0;SF
2011-2012; Barcelona;12.0;6.0;5.0;1.0;35.0;10.0;25.0;23.0;SF
2011-2012; Benfica;14.0;4.0;7.0;3.0;21.0;14.0;7.0;19.0;QF
2011-2012; APOEL FC;16.0;4.0;7.0;5.0;20.0;17.0;3.0;19.0;QF
2011-2012; Milan;10.0;3.0;4.0;3.0;16.0;14.0;2.0;13.0;QF
2011-2012; Marseille;10.0;4.0;1.0;5.0;9.0;10.0;-1.0;13.0;QF
2011-2012; Arsenal;10.0;5.0;3.0;2.0;13.0;11.0;2.0;18.0;R16
2011-2012; Lyon;10.0;4.0;3.0;3.0;14.0;10.0;4.0;15.0;R16
2011-2012; Napoli;8.0;4.0;2.0;2.0;14.0;11.0;3.0;14.0;R16
2011-2012; Basel;8.0;4.0;2.0;2.0;12.0;17.0;-5.0;14.0;R16
2011-2012; Zenit;8.0;3.0;3.0;2.0;10.0;9.0;1.0;12.0;R16
2011-2012; Inter;8.0;3.0;2.0;3.0;10.0;9.0;1.0;11.0;R16
2011-2012; Leverkusen;8.0;3.0;1.0;4.0;10.0;18.0;-8.0;10.0;R16
2011-2012; CSKA Moscow;8.0;2.0;3.0;3.0;11.0;13.0;-2.0;9.0;R16
2011-2012; Viktoria Plzeň;12.0;4.0;5.0;3.0;22.0;16.0;6.0;17.0;GR
2011-2012; Dinamo Zagreb;12.0;3.0;2.0;7.0;13.0;26.0;-13.0;11.0;GR
2011-2012; Manchester City;6.0;3.0;1.0;2.0;9.0;6.0;3.0;10.0;GR
2011-2012; BATE Borisov;12.0;1.0;7.0;4.0;11.0;17.0;-6.0;10.0;GR
2011-2012; Manchester Utd;6.0;2.0;3.0;1.0;11.0;8.0;3.0;9.0;GR
2011-2012;Olympiacos;6.0;3.0;0.0;3.0;8.0;6.0;2.0;9.0;GR
2011-2012; Valencia;6.0;2.0;2.0;2.0;12.0;7.0;5.0;8.0;GR
2011-2012; Porto;6.0;2.0;2.0;2.0;7.0;7.0;0.0;8.0;GR
2011-2012; Ajax;6.0;2.0;2.0;2.0;6.0;6.0;0.0;8.0;GR
2011-2012; Trabzonspor;8.0;1.0;5.0;2.0;4.0;8.0;-4.0;8.0;GR
2011-2012;Genk;10.0;1.0;5.0;4.0;8.0;21.0;-13.0;8.0;GR
2011-2012; Lille;6.0;1.0;3.0;2.0;6.0;6.0;0.0;6.0;GR
2011-2012; Shakhtar;6.0;1.0;2.0;3.0;6.0;8.0;-2.0;5.0;GR
2011-2012; Dortmund;6.0;1.0;1.0;4.0;6.0;12.0;-6.0;4.0;GR
2011-2012; Villarreal;8.0;0.0;1.0;7.0;5.0;15.0;-10.0;1.0;GR
2011-2012; Oțelul Galați;6.0;0.0;0.0;6.0;3.0;11.0;-8.0;0.0;GR
2012-2013; Bayern Munich;13.0;10.0;2.0;1.0;31.0;11.0;20.0;32.0;W
2012-2013; Dortmund;13.0;5.0;6.0;2.0;24.0;14.0;10.0;21.0;F
2012-2013; Real Madrid;12.0;5.0;4.0;3.0;26.0;18.0;8.0;19.0;SF
2012-2013; Barcelona;12.0;4.0;5.0;3.0;18.0;17.0;1.0;17.0;SF
2012-2013; Paris S-G;10.0;6.0;3.0;1.0;20.0;8.0;12.0;21.0;QF
2012-2013; Málaga;12.0;4.0;6.0;2.0;18.0;9.0;9.0;18.0;QF
2012-2013; Juventus;10.0;4.0;5.0;1.0;17.0;8.0;9.0;17.0;QF
2012-2013; Galatasaray;10.0;4.0;3.0;3.0;14.0;14.0;0.0;15.0;QF
2012-2013; Celtic;12.0;6.0;2.0;4.0;17.0;14.0;3.0;20.0;R16
2012-2013; Porto;8.0;5.0;1.0;2.0;11.0;6.0;5.0;16.0;R16
2012-2013; Valencia;8.0;4.0;2.0;2.0;14.0;8.0;6.0;14.0;R16
2012-2013; Schalke 04;8.0;3.0;5.0;0.0;13.0;10.0;3.0;14.0;R16
2012-2013; Manchester Utd;8.0;4.0;2.0;2.0;11.0;9.0;2.0;14.0;R16
2012-2013; Arsenal;8.0;4.0;1.0;3.0;13.0;11.0;2.0;13.0;R16
2012-2013; Shakhtar;8.0;3.0;2.0;3.0;14.0;13.0;1.0;11.0;R16
2012-2013; Milan;8.0;3.0;2.0;3.0;9.0;10.0;-1.0;11.0;R16
2012-2013; CFR Cluj;10.0;6.0;2.0;2.0;15.0;9.0;6.0;20.0;GR
2012-2013; BATE Borisov;12.0;5.0;3.0;4.0;18.0;19.0;-1.0;18.0;GR
2012-2013; Dynamo Kyiv;10.0;4.0;3.0;3.0;13.0;14.0;-1.0;15.0;GR
2012-2013; Dinamo Zagreb;12.0;3.0;4.0;5.0;13.0;18.0;-5.0;13.0;GR
2012-2013;Anderlecht;10.0;3.0;3.0;4.0;18.0;11.0;7.0;12.0;GR
2012-2013; Chelsea;6.0;3.0;1.0;2.0;16.0;10.0;6.0;10.0;GR
2012-2013;Olympiacos;6.0;3.0;0.0;3.0;9.0;9.0;0.0;9.0;GR
2012-2013; Benfica;6.0;2.0;2.0;2.0;5.0;5.0;0.0;8.0;GR
2012-2013; Zenit;6.0;2.0;1.0;3.0;6.0;9.0;-3.0;7.0;GR
2012-2013; Spartak Moscow;8.0;2.0;1.0;5.0;10.0;16.0;-6.0;7.0;GR
2012-2013; Braga;8.0;1.0;2.0;5.0;9.0;15.0;-6.0;5.0;GR
2012-2013; Ajax;6.0;1.0;1.0;4.0;8.0;16.0;-8.0;4.0;GR
2012-2013; Lille;8.0;1.0;1.0;6.0;6.0;14.0;-8.0;4.0;GR
2012-2013; Manchester City;6.0;0.0;3.0;3.0;7.0;11.0;-4.0;3.0;GR
2012-2013; Montpellier;6.0;0.0;2.0;4.0;6.0;12.0;-6.0;2.0;GR
2012-2013; Nordsjælland;6.0;0.0;1.0;5.0;4.0;22.0;-18.0;1.0;GR
2013-2014; Real Madrid;13.0;10.0;2.0;1.0;41.0;10.0;31.0;32.0;W
2013-2014; Atlético Madrid;13.0;7.0;5.0;1.0;26.0;10.0;16.0;26.0;F
2013-2014; Bayern Munich;12.0;6.0;4.0;2.0;24.0;13.0;11.0;22.0;SF
2013-2014; Chelsea;12.0;4.0;5.0;3.0;19.0;10.0;9.0;17.0;SF
2013-2014; Paris S-G;10.0;6.0;2.0;2.0;25.0;9.0;16.0;20.0;QF
2013-2014; Barcelona;10.0;5.0;3.0;2.0;21.0;8.0;13.0;18.0;QF
2013-2014; Manchester Utd;10.0;5.0;3.0;2.0;17.0;9.0;8.0;18.0;QF
2013-2014; Dortmund;10.0;5.0;2.0;3.0;18.0;13.0;5.0;17.0;QF
2013-2014; Zenit;12.0;4.0;5.0;3.0;23.0;17.0;6.0;17.0;R16
2013-2014; Arsenal;10.0;5.0;2.0;3.0;14.0;8.0;6.0;17.0;R16
2013-2014; Manchester City;8.0;5.0;0.0;3.0;19.0;14.0;5.0;15.0;R16
2013-2014; Schalke 04;10.0;4.0;2.0;4.0;12.0;18.0;-6.0;14.0;R16
2013-2014;Olympiacos;8.0;4.0;1.0;3.0;12.0;11.0;1.0;13.0;R16
2013-2014; Milan;10.0;2.0;5.0;3.0;13.0;11.0;2.0;11.0;R16
2013-2014; Leverkusen;8.0;3.0;1.0;4.0;10.0;16.0;-6.0;10.0;R16
2013-2014; Galatasaray;8.0;2.0;2.0;4.0;9.0;17.0;-8.0;8.0;R16
2013-2014; Viktoria Plzeň;12.0;6.0;1.0;5.0;26.0;24.0;2.0;19.0;GR
2013-2014; Basel;10.0;4.0;4.0;2.0;15.0;11.0;4.0;16.0;GR
2013-2014; Steaua;12.0;3.0;6.0;3.0;13.0;15.0;-2.0;15.0;GR
2013-2014;Austria Wien;10.0;3.0;4.0;3.0;10.0;13.0;-3.0;13.0;GR
2013-2014; Napoli;6.0;4.0;0.0;2.0;10.0;9.0;1.0;12.0;GR
2013-2014; Celtic;12.0;3.0;3.0;6.0;12.0;16.0;-4.0;12.0;GR
2013-2014; Benfica;6.0;3.0;1.0;2.0;8.0;8.0;0.0;10.0;GR
2013-2014; Shakhtar;6.0;2.0;2.0;2.0;7.0;6.0;1.0;8.0;GR
2013-2014; Ajax;6.0;2.0;2.0;2.0;5.0;8.0;-3.0;8.0;GR
2013-2014; Juventus;6.0;1.0;3.0;2.0;9.0;9.0;0.0;6.0;GR
2013-2014; Porto;6.0;1.0;2.0;3.0;4.0;7.0;-3.0;5.0;GR
2013-2014; Real Sociedad;8.0;1.0;2.0;5.0;5.0;10.0;-5.0;5.0;GR
2013-2014; FC Copenhagen;6.0;1.0;1.0;4.0;4.0;13.0;-9.0;4.0;GR
2013-2014; CSKA Moscow;6.0;1.0;0.0;5.0;8.0;17.0;-9.0;3.0;GR
2013-2014;Anderlecht;6.0;0.0;1.0;5.0;4.0;17.0;-13.0;1.0;GR
2013-2014; Marseille;6.0;0.0;0.0;6.0;5.0;14.0;-9.0;0.0;GR
2014-2015; Barcelona;13.0;11.0;0.0;2.0;31.0;11.0;20.0;33.0;W
2014-2015; Juventus;13.0;7.0;3.0;3.0;17.0;10.0;7.0;24.0;F
2014-2015; Real Madrid;12.0;8.0;2.0;2.0;24.0;9.0;15.0;26.0;SF
2014-2015; Bayern Munich;12.0;8.0;1.0;3.0;33.0;13.0;20.0;25.0;SF
2014-2015; Porto;12.0;8.0;3.0;1.0;28.0;12.0;16.0;27.0;QF
2014-2015; Atlético Madrid;10.0;5.0;2.0;3.0;15.0;5.0;10.0;17.0;QF
2014-2015; Monaco;10.0;4.0;3.0;3.0;7.0;5.0;2.0;15.0;QF
2014-2015; Paris S-G;10.0;4.0;3.0;3.0;14.0;15.0;-1.0;15.0;QF
2014-2015; Arsenal;10.0;6.0;2.0;2.0;19.0;11.0;8.0;20.0;R16
2014-2015; Leverkusen;10.0;6.0;1.0;3.0;15.0;7.0;8.0;19.0;R16
2014-2015; Chelsea;8.0;4.0;4.0;0.0;20.0;6.0;14.0;16.0;R16
2014-2015; Dortmund;8.0;4.0;1.0;3.0;15.0;9.0;6.0;13.0;R16
2014-2015; Schalke 04;8.0;3.0;2.0;3.0;13.0;19.0;-6.0;11.0;R16
2014-2015; Shakhtar;8.0;2.0;4.0;2.0;15.0;11.0;4.0;10.0;R16
2014-2015; Manchester City;8.0;2.0;2.0;4.0;10.0;11.0;-1.0;8.0;R16
2014-2015; Basel;8.0;2.0;2.0;4.0;8.0;13.0;-5.0;8.0;R16
2014-2015; Zenit;10.0;5.0;1.0;4.0;11.0;7.0;4.0;16.0;GR
2014-2015; NK Maribor;12.0;3.0;6.0;3.0;11.0;16.0;-5.0;15.0;GR
2014-2015; Ludogorets;12.0;3.0;4.0;5.0;13.0;18.0;-5.0;13.0;GR
2014-2015; Malmö;12.0;4.0;1.0;7.0;13.0;21.0;-8.0;13.0;GR
2014-2015; BATE Borisov;12.0;3.0;3.0;6.0;10.0;28.0;-18.0;12.0;GR
2014-2015; Athletic Club;8.0;3.0;2.0;3.0;9.0;8.0;1.0;11.0;GR
2014-2015;Olympiacos;6.0;3.0;0.0;3.0;10.0;13.0;-3.0;9.0;GR
2014-2015; APOEL FC;10.0;2.0;3.0;5.0;10.0;15.0;-5.0;9.0;GR
2014-2015; Sporting CP;6.0;2.0;1.0;3.0;12.0;12.0;0.0;7.0;GR
2014-2015;Anderlecht;6.0;1.0;3.0;2.0;8.0;10.0;-2.0;6.0;GR
2014-2015; Ajax;6.0;1.0;2.0;3.0;8.0;10.0;-2.0;5.0;GR
2014-2015; Liverpool;6.0;1.0;2.0;3.0;5.0;9.0;-4.0;5.0;GR
2014-2015; Benfica;6.0;1.0;2.0;3.0;2.0;6.0;-4.0;5.0;GR
2014-2015; Roma;6.0;1.0;2.0;3.0;8.0;14.0;-6.0;5.0;GR
2014-2015; CSKA Moscow;6.0;1.0;2.0;3.0;6.0;13.0;-7.0;5.0;GR
2014-2015; Galatasaray;6.0;0.0;1.0;5.0;4.0;19.0;-15.0;1.0;GR
2015-2016; Real Madrid;13.0;9.0;3.0;1.0;28.0;6.0;22.0;30.0;W
2015-2016; Atlético Madrid;13.0;6.0;4.0;3.0;17.0;8.0;9.0;22.0;F
2015-2016; Bayern Munich;12.0;8.0;2.0;2.0;30.0;11.0;19.0;26.0;SF
2015-2016; Manchester City;12.0;6.0;3.0;3.0;18.0;12.0;6.0;21.0;SF
2015-2016; Barcelona;10.0;7.0;2.0;1.0;22.0;8.0;14.0;23.0;QF
2015-2016; Wolfsburg;10.0;7.0;0.0;3.0;15.0;11.0;4.0;21.0;QF
2015-2016; Paris S-G;10.0;6.0;2.0;2.0;18.0;6.0;12.0;20.0;QF
2015-2016; Benfica;10.0;5.0;2.0;3.0;15.0;12.0;3.0;17.0;QF
2015-2016; Zenit;8.0;5.0;0.0;3.0;14.0;9.0;5.0;15.0;R16
2015-2016; Chelsea;8.0;4.0;1.0;3.0;15.0;7.0;8.0;13.0;R16
2015-2016; Dynamo Kyiv;8.0;3.0;3.0;2.0;9.0;7.0;2.0;12.0;R16
2015-2016; Juventus;8.0;3.0;3.0;2.0;10.0;9.0;1.0;12.0;R16
2015-2016; PSV Eindhoven;8.0;3.0;3.0;2.0;8.0;7.0;1.0;12.0;R16
2015-2016;Gent;8.0;3.0;1.0;4.0;10.0;11.0;-1.0;10.0;R16
2015-2016; Arsenal;8.0;3.0;0.0;5.0;13.0;15.0;-2.0;9.0;R16
2015-2016; Roma;8.0;1.0;3.0;4.0;11.0;20.0;-9.0;6.0;R16
2015-2016; BATE Borisov;12.0;4.0;4.0;4.0;11.0;16.0;-5.0;16.0;GR
2015-2016; FC Astana;12.0;3.0;6.0;3.0;14.0;17.0;-3.0;15.0;GR
2015-2016; Dinamo Zagreb;12.0;4.0;3.0;5.0;17.0;21.0;-4.0;15.0;GR
2015-2016; Manchester Utd;8.0;4.0;2.0;2.0;14.0;8.0;6.0;14.0;GR
2015-2016; Malmö;12.0;4.0;1.0;7.0;9.0;26.0;-17.0;13.0;GR
2015-2016; CSKA Moscow;10.0;3.0;2.0;5.0;14.0;16.0;-2.0;11.0;GR
2015-2016; Shakhtar;10.0;3.0;2.0;5.0;13.0;16.0;-3.0;11.0;GR
2015-2016; Porto;6.0;3.0;1.0;2.0;9.0;8.0;1.0;10.0;GR
2015-2016; Leverkusen;8.0;2.0;3.0;3.0;16.0;13.0;3.0;9.0;GR
2015-2016; Valencia;8.0;3.0;0.0;5.0;9.0;12.0;-3.0;9.0;GR
2015-2016;Olympiacos;6.0;3.0;0.0;3.0;6.0;13.0;-7.0;9.0;GR
2015-2016; Maccabi Tel Aviv;12.0;2.0;2.0;8.0;13.0;24.0;-11.0;8.0;GR
2015-2016; Sevilla;6.0;2.0;0.0;4.0;8.0;11.0;-3.0;6.0;GR
2015-2016; Gladbach;6.0;1.0;2.0;3.0;8.0;12.0;-4.0;5.0;GR
2015-2016; Galatasaray;6.0;1.0;2.0;3.0;6.0;10.0;-4.0;5.0;GR
2015-2016; Lyon;6.0;1.0;1.0;4.0;5.0;9.0;-4.0;4.0;GR
2016-2017; Real Madrid;13.0;9.0;3.0;1.0;35.0;18.0;17.0;30.0;W
2016-2017; Juventus;13.0;9.0;3.0;1.0;22.0;6.0;16.0;30.0;F
2016-2017; Atlético Madrid;12.0;9.0;1.0;2.0;18.0;10.0;8.0;28.0;SF
2016-2017; Monaco;12.0;5.0;3.0;4.0;19.0;19.0;0.0;18.0;SF
2016-2017; Barcelona;10.0;6.0;1.0;3.0;26.0;12.0;14.0;19.0;QF
2016-2017; Bayern Munich;10.0;6.0;0.0;4.0;27.0;14.0;13.0;18.0;QF
2016-2017; Dortmund;10.0;5.0;2.0;3.0;28.0;16.0;12.0;17.0;QF
2016-2017; Leicester City;10.0;5.0;2.0;3.0;11.0;10.0;1.0;17.0;QF
2016-2017; Paris S-G;8.0;4.0;3.0;1.0;18.0;13.0;5.0;15.0;R16
2016-2017; Arsenal;8.0;4.0;2.0;2.0;20.0;16.0;4.0;14.0;R16
2016-2017; Sevilla;8.0;4.0;2.0;2.0;9.0;6.0;3.0;14.0;R16
2016-2017; Manchester City;8.0;3.0;4.0;1.0;17.0;13.0;4.0;13.0;R16
2016-2017; Porto;8.0;3.0;2.0;3.0;9.0;6.0;3.0;11.0;R16
2016-2017; Napoli;8.0;3.0;2.0;3.0;13.0;14.0;-1.0;11.0;R16
2016-2017; Benfica;8.0;3.0;2.0;3.0;11.0;14.0;-3.0;11.0;R16
2016-2017; Leverkusen;8.0;2.0;4.0;2.0;11.0;11.0;0.0;10.0;R16
2016-2017; FC Copenhagen;6.0;2.0;3.0;1.0;7.0;2.0;5.0;9.0;GR
2016-2017; Lyon;6.0;2.0;2.0;2.0;5.0;3.0;2.0;8.0;GR
2016-2017; Tottenham;6.0;2.0;1.0;3.0;6.0;6.0;0.0;7.0;GR
2016-2017; Beşiktaş;6.0;1.0;4.0;1.0;9.0;14.0;-5.0;7.0;GR
2016-2017; Dynamo Kyiv;6.0;1.0;2.0;3.0;8.0;6.0;2.0;5.0;GR
2016-2017; Rostov;6.0;1.0;2.0;3.0;6.0;12.0;-6.0;5.0;GR
2016-2017; Gladbach;6.0;1.0;2.0;3.0;5.0;12.0;-7.0;5.0;GR
2016-2017; Legia Warsaw;6.0;1.0;1.0;4.0;9.0;24.0;-15.0;4.0;GR
2016-2017; Sporting CP;6.0;1.0;0.0;5.0;5.0;8.0;-3.0;3.0;GR
2016-2017; CSKA Moscow;6.0;0.0;3.0;3.0;5.0;11.0;-6.0;3.0;GR
2016-2017; Ludogorets;6.0;0.0;3.0;3.0;6.0;15.0;-9.0;3.0;GR
2016-2017; Celtic;6.0;0.0;3.0;3.0;5.0;16.0;-11.0;3.0;GR
2016-2017; PSV Eindhoven;6.0;0.0;2.0;4.0;4.0;11.0;-7.0;2.0;GR
2016-2017; Basel;6.0;0.0;2.0;4.0;3.0;12.0;-9.0;2.0;GR
2016-2017;Club Brugge;6.0;0.0;0.0;6.0;2.0;14.0;-12.0;0.0;GR
2016-2017; Dinamo Zagreb;6.0;0.0;0.0;6.0;0.0;15.0;-15.0;0.0;GR
2017-2018; Real Madrid;13.0;9.0;2.0;2.0;33.0;16.0;17.0;29.0;W
2017-2018; Liverpool;13.0;7.0;4.0;2.0;41.0;16.0;25.0;25.0;F
2017-2018; Bayern Munich;12.0;8.0;2.0;2.0;26.0;12.0;14.0;26.0;SF
2017-2018; Roma;12.0;6.0;2.0;4.0;21.0;19.0;2.0;20.0;SF
2017-2018; Barcelona;10.0;6.0;3.0;1.0;17.0;6.0;11.0;21.0;QF
2017-2018; Manchester City;10.0;6.0;0.0;4.0;20.0;12.0;8.0;18.0;QF
2017-2018; Juventus;10.0;5.0;3.0;2.0;14.0;12.0;2.0;18.0;QF
2017-2018; Sevilla;10.0;3.0;5.0;2.0;15.0;15.0;0.0;14.0;QF
2017-2018; Tottenham;8.0;5.0;2.0;1.0;18.0;8.0;10.0;17.0;R16
2017-2018; Manchester Utd;8.0;5.0;1.0;2.0;13.0;5.0;8.0;16.0;R16
2017-2018; Paris S-G;8.0;5.0;0.0;3.0;27.0;9.0;18.0;15.0;R16
2017-2018; Basel;8.0;5.0;0.0;3.0;13.0;10.0;3.0;15.0;R16
2017-2018; Shakhtar;8.0;5.0;0.0;3.0;11.0;11.0;0.0;15.0;R16
2017-2018; Beşiktaş;8.0;4.0;2.0;2.0;12.0;13.0;-1.0;14.0;R16
2017-2018; Chelsea;8.0;3.0;3.0;2.0;17.0;12.0;5.0;12.0;R16
2017-2018; Porto;8.0;3.0;2.0;3.0;15.0;15.0;0.0;11.0;R16
2017-2018; CSKA Moscow;6.0;3.0;0.0;3.0;8.0;10.0;-2.0;9.0;GR
2017-2018; Atlético Madrid;6.0;1.0;4.0;1.0;5.0;4.0;1.0;7.0;GR
2017-2018; RB Leipzig;6.0;2.0;1.0;3.0;10.0;11.0;-1.0;7.0;GR
2017-2018; Sporting CP;6.0;2.0;1.0;3.0;8.0;9.0;-1.0;7.0;GR
2017-2018; Napoli;6.0;2.0;0.0;4.0;11.0;11.0;0.0;6.0;GR
2017-2018; Spartak Moscow;6.0;1.0;3.0;2.0;9.0;13.0;-4.0;6.0;GR
2017-2018; Feyenoord;6.0;1.0;0.0;5.0;5.0;14.0;-9.0;3.0;GR
2017-2018; Celtic;6.0;1.0;0.0;5.0;5.0;18.0;-13.0;3.0;GR
2017-2018; NK Maribor;6.0;0.0;3.0;3.0;3.0;16.0;-13.0;3.0;GR
2017-2018;Anderlecht;6.0;1.0;0.0;5.0;2.0;17.0;-15.0;3.0;GR
2017-2018; Dortmund;6.0;0.0;2.0;4.0;7.0;13.0;-6.0;2.0;GR
2017-2018; Monaco;6.0;0.0;2.0;4.0;6.0;16.0;-10.0;2.0;GR
2017-2018;Qarabağ;6.0;0.0;2.0;4.0;2.0;14.0;-12.0;2.0;GR
2017-2018; APOEL FC;6.0;0.0;2.0;4.0;2.0;17.0;-15.0;2.0;GR
2017-2018;Olympiacos;6.0;0.0;1.0;5.0;4.0;13.0;-9.0;1.0;GR
2017-2018; Benfica;6.0;0.0;0.0;6.0;1.0;14.0;-13.0;0.0;GR
2018-2019; Liverpool;13.0;8.0;1.0;4.0;24.0;12.0;12.0;25.0;W
2018-2019; Tottenham;13.0;6.0;2.0;5.0;20.0;19.0;1.0;20.0;F
2018-2019; Barcelona;12.0;8.0;3.0;1.0;26.0;10.0;16.0;27.0;SF
2018-2019; Ajax;12.0;6.0;4.0;2.0;22.0;13.0;9.0;22.0;SF
2018-2019; Manchester City;10.0;7.0;1.0;2.0;30.0;12.0;18.0;22.0;QF
2018-2019; Porto;10.0;6.0;1.0;3.0;20.0;15.0;5.0;19.0;QF
2018-2019; Juventus;10.0;5.0;1.0;4.0;14.0;9.0;5.0;16.0;QF
2018-2019; Manchester Utd;10.0;4.0;1.0;5.0;10.0;11.0;-1.0;13.0;QF
2018-2019; Atlético Madrid;8.0;5.0;1.0;2.0;11.0;9.0;2.0;16.0;R16
2018-2019; Bayern Munich;8.0;4.0;3.0;1.0;16.0;8.0;8.0;15.0;R16
2018-2019; Real Madrid;8.0;5.0;0.0;3.0;15.0;10.0;5.0;15.0;R16
2018-2019; Paris S-G;8.0;4.0;2.0;2.0;20.0;12.0;8.0;14.0;R16
2018-2019; Dortmund;8.0;4.0;1.0;3.0;10.0;6.0;4.0;13.0;R16
2018-2019; Roma;8.0;4.0;0.0;4.0;14.0;12.0;2.0;12.0;R16
2018-2019; Schalke 04;8.0;3.0;2.0;3.0;8.0;14.0;-6.0;11.0;R16
2018-2019; Lyon;8.0;1.0;6.0;1.0;13.0;16.0;-3.0;9.0;R16
2018-2019; Napoli;6.0;2.0;3.0;1.0;7.0;5.0;2.0;9.0;GR
2018-2019; Valencia;6.0;2.0;2.0;2.0;6.0;6.0;0.0;8.0;GR
2018-2019; Inter;6.0;2.0;2.0;2.0;6.0;7.0;-1.0;8.0;GR
2018-2019; CSKA Moscow;6.0;2.0;1.0;3.0;8.0;9.0;-1.0;7.0;GR
2018-2019; Benfica;6.0;2.0;1.0;3.0;6.0;11.0;-5.0;7.0;GR
2018-2019; Viktoria Plzeň;6.0;2.0;1.0;3.0;7.0;16.0;-9.0;7.0;GR
2018-2019;Club Brugge;6.0;1.0;3.0;2.0;6.0;5.0;1.0;6.0;GR
2018-2019; Shakhtar;6.0;1.0;3.0;2.0;8.0;16.0;-8.0;6.0;GR
2018-2019; Galatasaray;6.0;1.0;1.0;4.0;5.0;8.0;-3.0;4.0;GR
2018-2019; Young Boys;6.0;1.0;1.0;4.0;4.0;12.0;-8.0;4.0;GR
2018-2019; Red Star;6.0;1.0;1.0;4.0;5.0;17.0;-12.0;4.0;GR
2018-2019; Hoffenheim;6.0;0.0;3.0;3.0;11.0;14.0;-3.0;3.0;GR
2018-2019; Loko Moscow;6.0;1.0;0.0;5.0;4.0;12.0;-8.0;3.0;GR
2018-2019; PSV Eindhoven;6.0;0.0;2.0;4.0;6.0;13.0;-7.0;2.0;GR
2018-2019; Monaco;6.0;0.0;1.0;5.0;2.0;14.0;-12.0;1.0;GR
2018-2019;AEK Athens;6.0;0.0;0.0;6.0;2.0;13.0;-11.0;0.0;GR
2019-2020; Bayern Munich;11.0;11.0;0.0;0.0;43.0;8.0;35.0;33.0;W
2019-2020; Paris S-G;11.0;8.0;1.0;2.0;25.0;6.0;19.0;25.0;F
2019-2020; RB Leipzig;10.0;6.0;2.0;2.0;16.0;12.0;4.0;20.0;SF
2019-2020; Lyon;10.0;4.0;2.0;4.0;14.0;14.0;0.0;14.0;SF
2019-2020; Manchester City;9.0;6.0;2.0;1.0;21.0;9.0;12.0;20.0;QF
2019-2020; Barcelona;9.0;5.0;3.0;1.0;15.0;14.0;1.0;18.0;QF
2019-2020; Atlético Madrid;9.0;5.0;1.0;3.0;13.0;9.0;4.0;16.0;QF
2019-2020; Atalanta;9.0;4.0;1.0;4.0;17.0;18.0;-1.0;13.0;QF
2019-2020; Juventus;8.0;6.0;1.0;1.0;14.0;6.0;8.0;19.0;R16
2019-2020; Napoli;8.0;3.0;4.0;1.0;13.0;8.0;5.0;13.0;R16
2019-2020; Liverpool;8.0;4.0;1.0;3.0;15.0;12.0;3.0;13.0;R16
2019-2020; Dortmund;8.0;4.0;1.0;3.0;10.0;11.0;-1.0;13.0;R16
2019-2020; Real Madrid;8.0;3.0;2.0;3.0;16.0;12.0;4.0;11.0;R16
2019-2020; Valencia;8.0;3.0;2.0;3.0;13.0;15.0;-2.0;11.0;R16
2019-2020; Chelsea;8.0;3.0;2.0;3.0;12.0;16.0;-4.0;11.0;R16
2019-2020; Tottenham;8.0;3.0;1.0;4.0;18.0;18.0;0.0;10.0;R16
2019-2020; Ajax;6.0;3.0;1.0;2.0;12.0;6.0;6.0;10.0;GR
2019-2020;RB Salzburg;6.0;2.0;1.0;3.0;16.0;13.0;3.0;7.0;GR
2019-2020; Inter;6.0;2.0;1.0;3.0;10.0;9.0;1.0;7.0;GR
2019-2020; Benfica;6.0;2.0;1.0;3.0;10.0;11.0;-1.0;7.0;GR
2019-2020; Zenit;6.0;2.0;1.0;3.0;7.0;9.0;-2.0;7.0;GR
2019-2020; Leverkusen;6.0;2.0;0.0;4.0;5.0;9.0;-4.0;6.0;GR
2019-2020; Shakhtar;6.0;1.0;3.0;2.0;8.0;13.0;-5.0;6.0;GR
2019-2020; Dinamo Zagreb;6.0;1.0;2.0;3.0;10.0;13.0;-3.0;5.0;GR
2019-2020;Olympiacos;6.0;1.0;1.0;4.0;8.0;14.0;-6.0;4.0;GR
2019-2020; Loko Moscow;6.0;1.0;0.0;5.0;4.0;11.0;-7.0;3.0;GR
2019-2020;Club Brugge;6.0;0.0;3.0;3.0;4.0;12.0;-8.0;3.0;GR
2019-2020; Red Star;6.0;1.0;0.0;5.0;3.0;20.0;-17.0;3.0;GR
2019-2020; Slavia Prague;6.0;0.0;2.0;4.0;4.0;10.0;-6.0;2.0;GR
2019-2020; Galatasaray;6.0;0.0;2.0;4.0;1.0;14.0;-13.0;2.0;GR
2019-2020; Lille;6.0;0.0;1.0;5.0;4.0;14.0;-10.0;1.0;GR
2019-2020;Genk;6.0;0.0;1.0;5.0;5.0;20.0;-15.0;1.0;GR
2020-2021; Chelsea;13.0;9.0;3.0;1.0;23.0;4.0;19.0;30.0;W
2020-2021; Manchester City;13.0;11.0;1.0;1.0;25.0;5.0;20.0;34.0;F
2020-2021; Real Madrid;12.0;6.0;3.0;3.0;19.0;14.0;5.0;21.0;SF
2020-2021; Paris S-G;12.0;6.0;1.0;5.0;22.0;15.0;7.0;19.0;SF
2020-2021; Bayern Munich;10.0;8.0;1.0;1.0;27.0;10.0;17.0;25.0;QF
2020-2021; Liverpool;10.0;6.0;2.0;2.0;15.0;6.0;9.0;20.0;QF
2020-2021; Porto;10.0;6.0;1.0;3.0;15.0;9.0;6.0;19.0;QF
2020-2021; Dortmund;10.0;5.0;2.0;3.0;19.0;13.0;6.0;17.0;QF
2020-2021; Juventus;8.0;6.0;0.0;2.0;18.0;8.0;10.0;18.0;R16
2020-2021; Barcelona;8.0;5.0;1.0;2.0;18.0;10.0;8.0;16.0;R16
2020-2021; Sevilla;8.0;4.0;2.0;2.0;13.0;13.0;0.0;14.0;R16
2020-2021; RB Leipzig;8.0;4.0;0.0;4.0;11.0;16.0;-5.0;12.0;R16
2020-2021; Atalanta;8.0;3.0;2.0;3.0;11.0;12.0;-1.0;11.0;R16
2020-2021; Lazio;8.0;2.0;4.0;2.0;13.0;13.0;0.0;10.0;R16
2020-2021; Atlético Madrid;8.0;2.0;3.0;3.0;7.0;11.0;-4.0;9.0;R16
2020-2021; Gladbach;8.0;2.0;2.0;4.0;16.0;13.0;3.0;8.0;R16
2020-2021; Manchester Utd;6.0;3.0;0.0;3.0;15.0;10.0;5.0;9.0;GR
2020-2021;Club Brugge;6.0;2.0;2.0;2.0;8.0;10.0;-2.0;8.0;GR
2020-2021; Shakhtar;6.0;2.0;2.0;2.0;5.0;12.0;-7.0;8.0;GR
2020-2021; Ajax;6.0;2.0;1.0;3.0;7.0;7.0;0.0;7.0;GR
2020-2021; Inter;6.0;1.0;3.0;2.0;7.0;9.0;-2.0;6.0;GR
2020-2021; Krasnodar;6.0;1.0;2.0;3.0;6.0;11.0;-5.0;5.0;GR
2020-2021;RB Salzburg;6.0;1.0;1.0;4.0;10.0;17.0;-7.0;4.0;GR
2020-2021; Dynamo Kyiv;6.0;1.0;1.0;4.0;4.0;13.0;-9.0;4.0;GR
2020-2021; Loko Moscow;6.0;0.0;3.0;3.0;5.0;10.0;-5.0;3.0;GR
2020-2021;Olympiacos;6.0;1.0;0.0;5.0;2.0;10.0;-8.0;3.0;GR
2020-2021; Başakşehir;6.0;1.0;0.0;5.0;7.0;18.0;-11.0;3.0;GR
2020-2021; Marseille;6.0;1.0;0.0;5.0;2.0;13.0;-11.0;3.0;GR
2020-2021; Midtjylland;6.0;0.0;2.0;4.0;4.0;13.0;-9.0;2.0;GR
2020-2021; Rennes;6.0;0.0;1.0;5.0;3.0;11.0;-8.0;1.0;GR
2020-2021; Zenit;6.0;0.0;1.0;5.0;4.0;13.0;-9.0;1.0;GR
2020-2021; Ferencváros;6.0;0.0;1.0;5.0;5.0;17.0;-12.0;1.0;GR
2021-2022; Real Madrid;13.0;9.0;0.0;4.0;29.0;14.0;15.0;27.0;W
2021-2022; Liverpool;13.0;10.0;1.0;2.0;30.0;14.0;16.0;31.0;F
2021-2022; Manchester City;12.0;7.0;2.0;3.0;29.0;16.0;13.0;23.0;SF
2021-2022; Villarreal;12.0;5.0;3.0;4.0;20.0;16.0;4.0;18.0;SF
2021-2022; Bayern Munich;10.0;7.0;2.0;1.0;31.0;7.0;24.0;23.0;QF
2021-2022; Chelsea;10.0;7.0;1.0;2.0;21.0;10.0;11.0;22.0;QF
2021-2022; Benfica;10.0;3.0;4.0;3.0;14.0;17.0;-3.0;13.0;QF
2021-2022; Atlético Madrid;10.0;3.0;3.0;4.0;9.0;10.0;-1.0;12.0;QF
2021-2022; Ajax;8.0;6.0;1.0;1.0;22.0;8.0;14.0;19.0;R16
2021-2022; Juventus;8.0;5.0;1.0;2.0;11.0;10.0;1.0;16.0;R16
2021-2022; Paris S-G;8.0;4.0;2.0;2.0;15.0;11.0;4.0;14.0;R16
2021-2022; Inter;8.0;4.0;1.0;3.0;9.0;7.0;2.0;13.0;R16
2021-2022; Manchester Utd;8.0;3.0;3.0;2.0;12.0;10.0;2.0;12.0;R16
2021-2022; Lille;8.0;3.0;2.0;3.0;8.0;8.0;0.0;11.0;R16
2021-2022;RB Salzburg;8.0;3.0;2.0;3.0;10.0;14.0;-4.0;11.0;R16
2021-2022; Sporting CP;8.0;3.0;1.0;4.0;14.0;17.0;-3.0;10.0;R16
2021-2022; Dortmund;6.0;3.0;0.0;3.0;10.0;11.0;-1.0;9.0;GR
2021-2022; RB Leipzig;6.0;2.0;1.0;3.0;15.0;14.0;1.0;7.0;GR
2021-2022; Sheriff Tiraspol;6.0;2.0;1.0;3.0;7.0;11.0;-4.0;7.0;GR
2021-2022; Barcelona;6.0;2.0;1.0;3.0;2.0;9.0;-7.0;7.0;GR
2021-2022; Sevilla;6.0;1.0;3.0;2.0;5.0;5.0;0.0;6.0;GR
2021-2022; Atalanta;6.0;1.0;3.0;2.0;12.0;13.0;-1.0;6.0;GR
2021-2022; Zenit;6.0;1.0;2.0;3.0;10.0;10.0;0.0;5.0;GR
2021-2022; Young Boys;6.0;1.0;2.0;3.0;7.0;12.0;-5.0;5.0;GR
2021-2022; Wolfsburg;6.0;1.0;2.0;3.0;5.0;10.0;-5.0;5.0;GR
2021-2022; Porto;6.0;1.0;2.0;3.0;4.0;11.0;-7.0;5.0;GR
2021-2022; Milan;6.0;1.0;1.0;4.0;6.0;9.0;-3.0;4.0;GR
2021-2022;Club Brugge;6.0;1.0;1.0;4.0;6.0;20.0;-14.0;4.0;GR
2021-2022; Shakhtar;6.0;0.0;2.0;4.0;2.0;12.0;-10.0;2.0;GR
2021-2022; Dynamo Kyiv;6.0;0.0;1.0;5.0;1.0;11.0;-10.0;1.0;GR
2021-2022; Malmö;6.0;0.0;1.0;5.0;1.0;14.0;-13.0;1.0;GR
2021-2022; Beşiktaş;6.0;0.0;0.0;6.0;3.0;19.0;-16.0;0.0;GR
2022-2023; Manchester City;13.0;8.0;5.0;0.0;32.0;5.0;27.0;29.0;W
2022-2023; Inter;13.0;7.0;3.0;3.0;19.0;11.0;8.0;24.0;F
2022-2023; Real Madrid;12.0;8.0;2.0;2.0;26.0;13.0;13.0;26.0;SF
2022-2023; Milan;12.0;5.0;3.0;4.0;15.0;11.0;4.0;18.0;SF
2022-2023; Bayern Munich;10.0;8.0;1.0;1.0;22.0;6.0;16.0;25.0;QF
2022-2023; Napoli;10.0;7.0;1.0;2.0;26.0;8.0;18.0;22.0;QF
2022-2023; Benfica;10.0;6.0;3.0;1.0;26.0;13.0;13.0;21.0;QF
2022-2023; Chelsea;10.0;5.0;1.0;4.0;12.0;9.0;3.0;16.0;QF
2022-2023; Liverpool;8.0;5.0;0.0;3.0;19.0;12.0;7.0;15.0;R16
2022-2023; Paris S-G;8.0;4.0;2.0;2.0;16.0;10.0;6.0;14.0;R16
2022-2023; Porto;8.0;4.0;1.0;3.0;12.0;8.0;4.0;13.0;R16
2022-2023; RB Leipzig;8.0;4.0;1.0;3.0;14.0;17.0;-3.0;13.0;R16
2022-2023; Dortmund;8.0;3.0;3.0;2.0;11.0;7.0;4.0;12.0;R16
2022-2023; Tottenham;8.0;3.0;3.0;2.0;8.0;7.0;1.0;12.0;R16
2022-2023;Club Brugge;8.0;3.0;2.0;3.0;8.0;11.0;-3.0;11.0;R16
2022-2023; Eint Frankfurt;8.0;3.0;1.0;4.0;7.0;13.0;-6.0;10.0;R16
2022-2023; Barcelona;6.0;2.0;1.0;3.0;12.0;12.0;0.0;7.0;GR
2022-2023; Sporting CP;6.0;2.0;1.0;3.0;8.0;9.0;-1.0;7.0;GR
2022-2023; Marseille;6.0;2.0;0.0;4.0;8.0;8.0;0.0;6.0;GR
2022-2023; Shakhtar;6.0;1.0;3.0;2.0;8.0;10.0;-2.0;6.0;GR
2022-2023;RB Salzburg;6.0;1.0;3.0;2.0;5.0;9.0;-4.0;6.0;GR
2022-2023; Ajax;6.0;2.0;0.0;4.0;11.0;16.0;-5.0;6.0;GR
2022-2023; Atlético Madrid;6.0;1.0;2.0;3.0;5.0;9.0;-4.0;5.0;GR
2022-2023; Leverkusen;6.0;1.0;2.0;3.0;4.0;8.0;-4.0;5.0;GR
2022-2023; Sevilla;6.0;1.0;2.0;3.0;6.0;12.0;-6.0;5.0;GR
2022-2023; Dinamo Zagreb;6.0;1.0;1.0;4.0;4.0;11.0;-7.0;4.0;GR
2022-2023; Juventus;6.0;1.0;0.0;5.0;9.0;13.0;-4.0;3.0;GR
2022-2023; FC Copenhagen;6.0;0.0;3.0;3.0;1.0;12.0;-11.0;3.0;GR
2022-2023; Maccabi Haifa;6.0;1.0;0.0;5.0;7.0;21.0;-14.0;3.0;GR
2022-2023; Celtic;6.0;0.0;2.0;4.0;4.0;15.0;-11.0;2.0;GR
2022-2023; Viktoria Plzeň;6.0;0.0;0.0;6.0;5.0;24.0;-19.0;0.0;GR
2022-2023; Rangers;6.0;0.0;0.0;6.0;2.0;22.0;-20.0;0.0;GR
2023-2024; Real Madrid;13.0;9.0;4.0;0.0;28.0;15.0;13.0;31.0;W
2023-2024; Dortmund;13.0;7.0;3.0;3.0;17.0;11.0;6.0;24.0;F
2023-2024; Bayern Munich;12.0;7.0;3.0;2.0;21.0;13.0;8.0;24.0;SF
2023-2024; Paris S-G;12.0;5.0;2.0;5.0;19.0;15.0;4.0;17.0;SF
2023-2024; Manchester City;10.0;8.0;2.0;0.0;28.0;13.0;15.0;26.0;QF
2023-2024; Atlético Madrid;10.0;6.0;2.0;2.0;23.0;13.0;10.0;20.0;QF
2023-2024; Barcelona;10.0;6.0;1.0;3.0;20.0;14.0;6.0;19.0;QF
2023-2024; Arsenal;10.0;5.0;2.0;3.0;19.0;8.0;11.0;17.0;QF
2023-2024; Porto;8.0;5.0;0.0;3.0;16.0;9.0;7.0;15.0;R16
2023-2024; Inter;8.0;4.0;3.0;1.0;10.0;7.0;3.0;15.0;R16
2023-2024; RB Leipzig;8.0;4.0;1.0;3.0;14.0;12.0;2.0;13.0;R16
2023-2024; Lazio;8.0;4.0;1.0;3.0;8.0;10.0;-2.0;13.0;R16
2023-2024; Real Sociedad;8.0;3.0;3.0;2.0;8.0;6.0;2.0;12.0;R16
2023-2024; Napoli;8.0;3.0;2.0;3.0;12.0;13.0;-1.0;11.0;R16
2023-2024; PSV Eindhoven;8.0;2.0;4.0;2.0;9.0;13.0;-4.0;10.0;R16
2023-2024; FC Copenhagen;8.0;2.0;2.0;4.0;10.0;14.0;-4.0;8.0;R16
2023-2024; Shakhtar;6.0;3.0;0.0;3.0;10.0;12.0;-2.0;9.0;GR
2023-2024; Milan;6.0;2.0;2.0;2.0;5.0;8.0;-3.0;8.0;GR
2023-2024; Lens;6.0;2.0;2.0;2.0;6.0;11.0;-5.0;8.0;GR
2023-2024; Feyenoord;6.0;2.0;0.0;4.0;9.0;10.0;-1.0;6.0;GR
2023-2024; Newcastle Utd;6.0;1.0;2.0;3.0;6.0;7.0;-1.0;5.0;GR
2023-2024; Galatasaray;6.0;1.0;2.0;3.0;10.0;13.0;-3.0;5.0;GR
2023-2024; Manchester Utd;6.0;1.0;1.0;4.0;12.0;15.0;-3.0;4.0;GR
2023-2024; Benfica;6.0;1.0;1.0;4.0;7.0;11.0;-4.0;4.0;GR
2023-2024;RB Salzburg;6.0;1.0;1.0;4.0;4.0;8.0;-4.0;4.0;GR
2023-2024; Young Boys;6.0;1.0;1.0;4.0;7.0;13.0;-6.0;4.0;GR
2023-2024; Braga;6.0;1.0;1.0;4.0;6.0;12.0;-6.0;4.0;GR
2023-2024; Celtic;6.0;1.0;1.0;4.0;5.0;15.0;-10.0;4.0;GR
2023-2024;Antwerp;6.0;1.0;0.0;5.0;6.0;17.0;-11.0;3.0;GR
2023-2024; Union Berlin;6.0;0.0;2.0;4.0;6.0;10.0;-4.0;2.0;GR
2023-2024; Sevilla;6.0;0.0;2.0;4.0;7.0;12.0;-5.0;2.0;GR
2023-2024; Red Star;6.0;0.0;1.0;5.0;7.0;15.0;-8.0;1.0;GR
2024-2025; Paris S-G;17.0;11.0;1.0;5.0;38.0;15.0;23.0;34.0;W
2024-2025; Inter;15.0;10.0;3.0;2.0;26.0;16.0;10.0;33.0;F
2024-2025; Arsenal;14.0;9.0;2.0;3.0;31.0;10.0;21.0;29.0;SF
2024-2025; Barcelona;14.0;9.0;2.0;3.0;43.0;24.0;19.0;29.0;SF
2024-2025; Bayern Munich;14.0;8.0;2.0;4.0;31.0;18.0;13.0;26.0;QF
2024-2025; Dortmund;14.0;8.0;2.0;4.0;31.0;19.0;12.0;26.0;QF
2024-2025; Aston Villa;12.0;8.0;1.0;3.0;23.0;12.0;11.0;25.0;QF
2024-2025; Real Madrid;14.0;8.0;0.0;6.0;29.0;22.0;7.0;24.0;QF
2024-2025; Liverpool;10.0;8.0;0.0;2.0;18.0;6.0;12.0;24.0;R16
2024-2025; Atlético Madrid;10.0;7.0;0.0;3.0;22.0;14.0;8.0;21.0;R16
2024-2025; PSV Eindhoven;12.0;5.0;3.0;4.0;23.0;24.0;-1.0;18.0;R16
2024-2025; Lille;10.0;5.0;2.0;3.0;19.0;13.0;6.0;17.0;R16
2024-2025; Benfica;12.0;5.0;2.0;5.0;21.0;19.0;2.0;17.0;R16
2024-2025; Feyenoord;12.0;5.0;2.0;5.0;21.0;26.0;-5.0;17.0;R16
2024-2025;Club Brugge;12.0;5.0;2.0;5.0;13.0;19.0;-6.0;17.0;R16
2024-2025; Leverkusen;10.0;5.0;1.0;4.0;15.0;12.0;3.0;16.0;R16
2024-2025; Milan;10.0;5.0;1.0;4.0;15.0;13.0;2.0;16.0;KO
2024-2025; Atalanta;10.0;4.0;3.0;3.0;22.0;11.0;11.0;15.0;KO
2024-2025; Juventus;10.0;4.0;3.0;3.0;12.0;11.0;1.0;15.0;KO
2024-2025; Monaco;10.0;4.0;2.0;4.0;16.0;17.0;-1.0;14.0;KO
2024-2025; Celtic;10.0;3.0;4.0;3.0;15.0;17.0;-2.0;13.0;KO
2024-2025; Brest;10.0;4.0;1.0;5.0;10.0;21.0;-11.0;13.0;KO
2024-2025; Sporting CP;10.0;3.0;3.0;4.0;13.0;15.0;-2.0;12.0;KO
2024-2025; Manchester City;10.0;3.0;2.0;5.0;21.0;20.0;1.0;11.0;KO
2024-2025; Dinamo Zagreb;8.0;3.0;2.0;3.0;12.0;19.0;-7.0;11.0;Lg
2024-2025; Stuttgart;8.0;3.0;1.0;4.0;13.0;17.0;-4.0;10.0;Lg
2024-2025; Shakhtar;8.0;2.0;1.0;5.0;8.0;16.0;-8.0;7.0;Lg
2024-2025; Bologna;8.0;1.0;3.0;4.0;4.0;9.0;-5.0;6.0;Lg
2024-2025; Red Star;8.0;2.0;0.0;6.0;13.0;22.0;-9.0;6.0;Lg
2024-2025;Sturm Graz;8.0;2.0;0.0;6.0;5.0;14.0;-9.0;6.0;Lg
2024-2025; Sparta Prague;8.0;1.0;1.0;6.0;7.0;21.0;-14.0;4.0;Lg
2024-2025; RB Leipzig;8.0;1.0;0.0;7.0;8.0;15.0;-7.0;3.0;Lg
2024-2025; Girona;8.0;1.0;0.0;7.0;5.0;13.0;-8.0;3.0;Lg
2024-2025;RB Salzburg;8.0;1.0;0.0;7.0;5.0;27.0;-22.0;3.0;Lg
2024-2025; Slovan Bratislava;8.0;0.0;0.0;8.0;7.0;27.0;-20.0;0.0;Lg
2024-2025; Young Boys;8.0;0.0;0.0;8.0;3.0;24.0;-21.0;0.0;Lg
2025-2026; Bayern Munich;4.0;4.0;0.0;0.0;14.0;3.0;11.0;12.0;Lg
2025-2026; Arsenal;4.0;4.0;0.0;0.0;11.0;0.0;11.0;12.0;Lg
2025-2026; Inter;4.0;4.0;0.0;0.0;11.0;1.0;10.0;12.0;Lg
2025-2026; Manchester City;4.0;3.0;1.0;0.0;10.0;3.0;7.0;10.0;Lg
2025-2026; Paris S-G;4.0;3.0;0.0;1.0;14.0;5.0;9.0;9.0;Lg
2025-2026; Newcastle Utd;4.0;3.0;0.0;1.0;10.0;2.0;8.0;9.0;Lg
2025-2026; Real Madrid;4.0;3.0;0.0;1.0;8.0;2.0;6.0;9.0;Lg
2025-2026; Liverpool;4.0;3.0;0.0;1.0;9.0;4.0;5.0;9.0;Lg
2025-2026; Galatasaray;4.0;3.0;0.0;1.0;8.0;6.0;2.0;9.0;Lg
2025-2026; Tottenham;4.0;2.0;2.0;0.0;7.0;2.0;5.0;8.0;Lg
2025-2026; Barcelona;4.0;2.0;1.0;1.0;12.0;7.0;5.0;7.0;Lg
2025-2026; Chelsea;4.0;2.0;1.0;1.0;9.0;6.0;3.0;7.0;Lg
2025-2026; Sporting CP;4.0;2.0;1.0;1.0;8.0;5.0;3.0;7.0;Lg
2025-2026; Dortmund;4.0;2.0;1.0;1.0;13.0;11.0;2.0;7.0;Lg
2025-2026;Qarabağ;4.0;2.0;1.0;1.0;8.0;7.0;1.0;7.0;Lg
2025-2026; Atalanta;4.0;2.0;1.0;1.0;3.0;5.0;-2.0;7.0;Lg
2025-2026; Atlético Madrid;4.0;2.0;0.0;2.0;10.0;9.0;1.0;6.0;Lg
2025-2026; PSV Eindhoven;4.0;1.0;2.0;1.0;9.0;7.0;2.0;5.0;Lg
2025-2026; Monaco;4.0;1.0;2.0;1.0;4.0;6.0;-2.0;5.0;Lg
2025-2026; Pafos FC;4.0;1.0;2.0;1.0;2.0;5.0;-3.0;5.0;Lg
2025-2026; Leverkusen;4.0;1.0;2.0;1.0;6.0;10.0;-4.0;5.0;Lg
2025-2026;Club Brugge;4.0;1.0;1.0;2.0;8.0;10.0;-2.0;4.0;Lg
2025-2026; Eint Frankfurt;4.0;1.0;1.0;2.0;7.0;11.0;-4.0;4.0;Lg
2025-2026; Napoli;4.0;1.0;1.0;2.0;4.0;9.0;-5.0;4.0;Lg
2025-2026; Marseille;4.0;1.0;0.0;3.0;6.0;5.0;1.0;3.0;Lg
2025-2026; Juventus;4.0;0.0;3.0;1.0;7.0;8.0;-1.0;3.0;Lg
2025-2026; Athletic Club;4.0;1.0;0.0;3.0;4.0;9.0;-5.0;3.0;Lg
2025-2026;Union SG;4.0;1.0;0.0;3.0;4.0;12.0;-8.0;3.0;Lg
2025-2026; Bodø/Glimt;4.0;0.0;2.0;2.0;5.0;8.0;-3.0;2.0;Lg
2025-2026; Slavia Prague;4.0;0.0;2.0;2.0;2.0;8.0;-6.0;2.0;Lg
2025-2026;Olympiacos;4.0;0.0;2.0;2.0;2.0;9.0;-7.0;2.0;Lg
2025-2026; Villarreal;4.0;0.0;1.0;3.0;2.0;6.0;-4.0;1.0;Lg
2025-2026; FC Copenhagen;4.0;0.0;1.0;3.0;4.0;12.0;-8.0;1.0;Lg
2025-2026; Qaırat Almaty;4.0;0.0;1.0;3.0;2.0;11.0;-9.0;1.0;Lg
2025-2026; Benfica;4.0;0.0;0.0;4.0;2.0;8.0;-6.0;0.0;Lg
2025-2026; Ajax;4.0;0.0;0.0;4.0;1.0;14.0;-13.0;0.0;Lg