Player,Team,Pos,lambda_final_goals,lambda_final_assists,MVP_indiv_score,Win_Probability,MVP_score,LogoFile
Gabriel Martinelli,Arsenal,FW,8.824067899889767,2.2472589209025493,7.467974625715083,0.1925,2.1731752970020497,Arsenal.png
Kylian Mbappé,Real Madrid,FW,15.113173535379104,1.066422159357716,12.65982323538782,0.0717,1.9005866343178501,Real Madrid.png
Harry Kane,Bayern Munich,"FW,MF",9.047608880689001,0.7340404151981,6.809402294347508,0.1243,1.4681399594561289,Bayern Munich.png
Erling Haaland,Manchester City,FW,10.136430604853873,0.32936847624577154,7.4409050767648,0.0839,1.2366932078223674,Manchester City.png
Noni Madueke,Arsenal,FW,6.236227066763776,0.4900906907406921,4.214866501240601,0.1925,1.2265231498132556,Arsenal.png
Bukayo Saka,Arsenal,FW,4.194757795542082,2.711039555171186,3.828715709429206,0.1925,1.1141535444328743,Arsenal.png
Viktor Gyökeres,Arsenal,FW,5.243605055825947,0.34903612265011674,3.3598565009135655,0.1925,0.9777158487008057,Arsenal.png
Luis Díaz,Bayern Munich,FW,6.094138955373751,0.9425953478967171,4.355196463708482,0.1243,0.9390013518455421,Bayern Munich.png
Julián Álvarez,Atletico Madrid,FW,7.15863071299426,4.1916740169671645,7.19572754788636,0.0564,0.9270596639702757,Atletico Madrid.png
Leandro Trossard,Arsenal,FW,2.307403428978027,4.069264600818499,3.107702256419045,0.1925,0.904339143150305,Arsenal.png
Dominik Szoboszlai,Liverpool,"MF,DF",4.928891091394751,4.59053962832925,6.189339570287649,0.065,0.8725755081441925,Liverpool.png
Lennart Karl,Bayern Munich,MF,5.9747177643110945,0.29023935632461423,3.89591787584143,0.1243,0.839978674344181,Bayern Munich.png
Serge Gnabry,Bayern Munich,"FW,MF",2.1202501680116637,5.246737117315998,3.5948951642442752,0.1243,0.7750767266407126,Bayern Munich.png
Gabriel Magalhães,Arsenal,DF,2.839329980111893,2.2579977169062455,2.563474677507211,0.1925,0.7459693053142286,Arsenal.png
Michael Olise,Bayern Munich,"FW,MF",1.8082743986462306,4.631229414096204,3.230111012775668,0.1243,0.6964275051382727,Bayern Munich.png
Vitinha,Paris S-G,MF,5.064477062640181,1.6570233915409718,4.415997453322051,0.0768,0.6930080077849882,Paris S-G.png
Charles De Ketelaere,Atalanta,"FW,MF",3.5874869771714453,4.14924543863332,4.14504914216385,0.0693,0.6088230466089094,Atalanta.png
Mikel Merino,Arsenal,"MF,FW",3.4716222819545113,0.38794694182289313,2.0826276337735177,0.1925,0.6060431580720681,Arsenal.png
Nuno Mendes,Paris S-G,DF,3.457962987976688,3.3610413515805915,3.608650356225053,0.0768,0.5663100172937828,Paris S-G.png
Khvicha Kvaratskhelia,Paris S-G,FW,3.3754104927071404,3.3569790058572195,3.542479967682646,0.0768,0.5559258153953793,Paris S-G.png
Marcus Rashford,Barcelona,FW,5.439807769818306,3.228827388767388,5.130651039351567,0.0416,0.546641686215635,Barcelona.png
Martín Zubimendi,Arsenal,MF,0.34220955290656085,4.294153357485712,1.8115935182566734,0.1925,0.5271724235013,Arsenal.png
Fermin López,Barcelona,"MF,FW",4.891778739958651,3.479426880718112,4.822205385520115,0.0416,0.5137785561716907,Barcelona.png
Declan Rice,Arsenal,MF,0.36370414618420366,3.9694984926049264,1.6735115732800616,0.1925,0.4869906758622692,Arsenal.png
Serhou Guirassy,Dortmund,FW,5.88114892825046,2.887587285722059,5.299841433230828,0.0302,0.4644388249595564,Dortmund.png
Anthony Gordon,Newcastle Utd,FW,8.444012459099369,2.893046332041693,7.53267108553054,0.0158,0.45014655129891296,Newcastle Utd.png
Phil Foden,Manchester City,MF,3.015206393002961,2.2637273180902313,2.69454542018293,0.0839,0.4478388025288376,Manchester City.png
Lautaro Martínez,Inter,FW,7.348784381687755,0.873478746504926,5.34830659956538,0.0277,0.44494310379376173,Inter.png
Mohamed Salah,Liverpool,FW,3.25743696096069,2.6804144375966867,3.0910139219286865,0.065,0.43577234904924556,Liverpool.png
Konrad Laimer,Bayern Munich,DF,0.2205352303039432,4.5643951127354105,1.985051379129201,0.1243,0.42798664630114,Bayern Munich.png
Achraf Hakimi,Paris S-G,DF,0.4425163755114073,5.832635300024731,2.640137457320746,0.0768,0.4143200757962353,Paris S-G.png
Lamine Yamal,Barcelona,FW,3.1891017084518385,3.8738091146296356,3.6787110284983253,0.0416,0.3919457363782293,Barcelona.png
Myles Lewis-Skelly,Arsenal,DF,0.23233902274560983,3.423017218042731,1.3387049321520004,0.1925,0.38956218176075585,Arsenal.png
Cody Gakpo,Liverpool,"FW,MF",2.1207486623162737,3.6222291307017684,2.7359757196626604,0.065,0.3857189247323632,Liverpool.png
Raphaël Guerreiro,Bayern Munich,"DF,MF",2.547429239027073,1.0491819147659094,1.7668899025118348,0.1243,0.38094998029276156,Bayern Munich.png
Dušan Vlahović,Juventus,FW,6.708676219828934,2.277134611897748,5.637444008871788,0.0191,0.37624921346299406,Juventus.png
Marcos Llorente,Atletico Madrid,"DF,MF",4.466816616089639,0.47699935775995106,2.8424480016628095,0.0564,0.3662060398671617,Atletico Madrid.png
Nicolas Jackson,Bayern Munich,FW,2.3832418753995737,1.080502091729429,1.6716745865381193,0.1243,0.36042109918240445,Bayern Munich.png
Tijjani Reijnders,Manchester City,MF,0.5507486976253155,4.617531591669287,2.110369027867811,0.0839,0.35074752544720716,Manchester City.png
Karim Adeyemi,Dortmund,MF,3.963503409226691,3.160200418242333,3.894150940498536,0.0302,0.3412545280468433,Dortmund.png
Virgil van Dijk,Liverpool,DF,3.575141759931136,0.3307493305747966,2.3927290465153646,0.065,0.3373278747925413,Liverpool.png
Jurriën Timber,Arsenal,DF,2.1075183916174236,0.3110745408373225,1.1485551674156687,0.1925,0.3342287356570635,Arsenal.png
João Neves,Paris S-G,MF,2.2647212815247486,2.1250828340818746,2.088954271996039,0.0768,0.32782220861582995,Paris S-G.png
Rodrygo,Real Madrid,"FW,MF",2.2045884816739827,2.390801251957578,2.1769109052994833,0.0717,0.32681402368618645,Real Madrid.png
Ousmane Dembélé,Paris S-G,FW,3.4972604861297896,0.1929486836124408,2.0058146595072075,0.0768,0.314775005163401,Paris S-G.png
Jonathan Tah,Bayern Munich,DF,1.698870838690043,1.5923480806930435,1.4575432063929572,0.1243,0.31425334140055533,Bayern Munich.png
Jules Koundé,Barcelona,DF,3.212641367590236,1.7359059809982917,2.804671740900719,0.0416,0.29882182163008214,Barcelona.png
Pierre-Emerick Aubameyang,Marseille,FW,4.594110525511081,5.334156736082538,6.2130748290804325,0.0105,0.29380265893844687,Marseille.png
Willian Pacho,Paris S-G,DF,2.9026895292743524,0.29354884652750973,1.8571377553537467,0.0768,0.2914429524980356,Paris S-G.png
Nico O’Reilly,Manchester City,DF,1.9490829050178018,1.8693225062670424,1.7505867208615549,0.0839,0.2909509911843682,Manchester City.png
Martin Ødegaard,Arsenal,MF,0.8670830833272563,1.7188660504189222,0.9933419877647902,0.1925,0.28906181092958,Arsenal.png
Giacomo Raspadori,Atletico Madrid,"MF,FW",2.8038327621785513,1.5650020751890632,2.19178558806972,0.0564,0.28237811913371474,Atletico Madrid.png
Estêvão Willian,Chelsea,"FW,MF",4.857340146836937,0.5266807970089598,3.160628728672801,0.0303,0.2775271622887911,Chelsea.png
Éderson,Atalanta,MF,2.273293476149542,1.6958407738459575,1.8878394160932115,0.0693,0.2772850466651526,Atalanta.png
Florian Wirtz,Liverpool,"MF,FW",0.6691822188132743,4.121354768052319,1.9519860633524893,0.065,0.2751917570166572,Liverpool.png
Jude Bellingham,Real Madrid,MF,2.0046720632804123,1.962373091677788,1.8320532693679277,0.0717,0.27504143560124017,Real Madrid.png
Vinicius Júnior,Real Madrid,"FW,MF",0.9334562077094299,3.3899080237150105,1.7834169474002743,0.0717,0.26773978993404696,Real Madrid.png
Fabián Ruiz Peña,Paris S-G,MF,1.8342492446564895,1.9118497965655914,1.6936340496597433,0.0768,0.26578411130843654,Paris S-G.png
Jeremy Doku,Manchester City,"MF,FW",1.8072722516722335,1.7285690109964467,1.5906616490803385,0.0839,0.26437112650501304,Manchester City.png
Désiré Doué,Paris S-G,FW,2.9956662331555237,0.16893582478178007,1.6546057658484017,0.0768,0.2596593538788284,Paris S-G.png
Andrew Robertson,Liverpool,DF,1.8210259601314163,2.202471509317177,1.8215000576931233,0.065,0.25679578901378425,Liverpool.png
Randal Kolo Muani,Tottenham,FW,3.2595280930685586,3.343942830055527,3.446060918232953,0.0227,0.2546159212942661,Tottenham.png
Julian Brandt,Dortmund,MF,4.605174140944269,0.3562830321418634,2.8823631981985325,0.0302,0.2525889488851979,Dortmund.png
Ademola Lookman,Atalanta,"FW,MF",1.8315919392174551,1.9511340838216662,1.7102271369852458,0.0693,0.25119743101261194,Atalanta.png
Victor Osimhen,Galatasaray,FW,10.164178641713841,0.33371290454546365,7.468538949200391,0.0057,0.2510873333656011,Galatasaray.png
Harvey Barnes,Newcastle Utd,"FW,MF",5.265467781857379,1.6253378409127928,4.0743345532790824,0.0158,0.24347905638938447,Newcastle Utd.png
Marcus Thuram,Inter,FW,3.5105582447562336,1.9416881937285098,2.8936247285335908,0.0277,0.24073009726718797,Inter.png
Denzel Dumfries,Inter,DF,4.158577656365308,0.8743501036252079,2.820193014640355,0.0277,0.234621073020297,Inter.png
Álex Grimaldo,Leverkusen,DF,4.26902155190729,1.9456363608175389,3.903383679377548,0.0156,0.23154865735652394,Leverkusen.png
Marquinhos,Paris S-G,DF,2.3473325133126695,0.6820512829267884,1.464834470732862,0.0768,0.22987830700257555,Paris S-G.png
Bradley Barcola,Paris S-G,FW,0.5591461014390889,3.2272902984126963,1.4606099440974187,0.0768,0.22921534674990132,Paris S-G.png
Eberechi Eze,Arsenal,"MF,FW",0.22757836525821942,2.103010570822322,0.7762842730181005,0.1925,0.22589817053811892,Arsenal.png
Alexander Sørloth,Atletico Madrid,FW,1.7612923070188038,2.0322977327719016,1.7012157224810711,0.0564,0.21917567966946028,Atletico Madrid.png
Giuliano Simeone,Atletico Madrid,MF,1.8187587038866617,1.8021336671309451,1.700284580500908,0.0564,0.21905571623761907,Atletico Madrid.png
Francesco Esposito,Inter,FW,2.130147416597925,3.380203787145338,2.618954133217427,0.0277,0.21787935284449805,Inter.png
Felix Nmecha,Dortmund,MF,3.87803265910333,0.5806078203120468,2.4656411556849247,0.0302,0.21607051749473616,Dortmund.png
Francisco Trincão,Sporting CP,MF,4.759787521070135,1.7088053520756419,3.7217646869268814,0.015,0.2158243706959428,Sporting CP.png
Antoine Griezmann,Atletico Madrid,FW,1.8007940119955683,1.8662396721490477,1.6501173264951536,0.0564,0.21259243127701116,Atletico Madrid.png
Ferrán Torres,Barcelona,FW,3.316696089492967,0.3438831565196135,1.9542406794265834,0.0416,0.20821322909693507,Barcelona.png
Kenan Yıldız,Juventus,MF,1.7657420025414814,4.845114501672246,3.1087823463981894,0.0191,0.20748355297528628,Juventus.png
Hakan Çalhanoğlu,Inter,MF,2.1443060486142276,3.0950987133462036,2.4846590221764235,0.0277,0.20670690369287917,Inter.png
Lazar Samardzic,Atalanta,"FW,MF",2.721934520931707,0.015184641132656947,1.4053123847867497,0.0693,0.20641168251541092,Atalanta.png
Eduardo Camavinga,Real Madrid,MF,1.7426223134334684,1.2703554172450762,1.3408826194493892,0.0717,0.20130325181720815,Real Madrid.png
José María Giménez,Atletico Madrid,DF,2.7097973009063363,0.36317952075085286,1.5556501910504816,0.0564,0.20042178275554282,Atletico Madrid.png
Geovany Quenda,Sporting CP,FW,3.1794947819954333,3.3107527587707377,3.3668154144427223,0.015,0.19524093520041938,Sporting CP.png
Igor Paixão,Marseille,"FW,MF",5.242429959226087,1.6975821077549647,4.096245370835425,0.0105,0.19370244439722525,Marseille.png
Jonathan David,Juventus,"FW,MF",4.687471200068633,0.2700589006744911,2.8986558839253926,0.0191,0.19345948176345118,Juventus.png
Arda Güler,Real Madrid,MF,0.2610804546470326,3.1991343685650153,1.2577317707905336,0.0717,0.18882002921174132,Real Madrid.png
Cole Palmer,Chelsea,FW,3.587239510453656,0.3115877056144472,2.1259516328293464,0.0303,0.186674669653498,Chelsea.png
Mason Greenwood,Marseille,"FW,MF",4.825780461917074,1.838109572928553,3.916493397627558,0.0105,0.18520236848783528,Marseille.png
Dávid Hancko,Atletico Madrid,DF,2.488421437566708,0.3520964755869202,1.4068073091415565,0.0564,0.18124564925568745,Atletico Madrid.png
Gonçalo Ramos,Paris S-G,FW,2.29787459734721,0.01031905776399357,1.136113496448317,0.0768,0.17829171305318378,Paris S-G.png
Bernardo Silva,Manchester City,MF,1.954043087830037,0.3428040389265804,1.0680884873915555,0.0839,0.1775184287507012,Manchester City.png
Mario Pašalić,Atalanta,MF,2.08910011755658,0.2707954164793142,1.1198469354248162,0.0693,0.16448263930715945,Atalanta.png
Alexis Mac Allister,Liverpool,MF,2.0946200799248853,0.27129561600033164,1.1234541761585046,0.065,0.1583850082073721,Liverpool.png
Riccardo Calafiori,Arsenal,DF,0.26994384078826095,1.431780623155125,0.5404432306097441,0.1925,0.1572685951755785,Arsenal.png
Daniel Svensson,Dortmund,DF,3.0374615209650617,0.16760589855389277,1.7798966559571143,0.0302,0.15597695173650344,Dortmund.png
Ibrahima Konaté,Liverpool,DF,1.9766940323227908,0.1714738677402685,1.0701966068132773,0.065,0.15087673529615156,Liverpool.png
Senny Mayulu,Paris S-G,"FW,MF",1.765412214757863,0.30798771268696357,0.9400838157094658,0.0768,0.14752852988754092,Paris S-G.png
Micky van de Ven,Tottenham,DF,3.064209135197875,0.2115627912644263,1.9352325403965966,0.0227,0.1429867398990691,Tottenham.png
Robert Lewandowski,Barcelona,FW,2.3461430383887945,0.40414266660049103,1.3390817260910421,0.0416,0.14267154150937214,Barcelona.png
Geny Catamo,Sporting CP,"FW,MF",1.9607035265115664,3.3015183810694873,2.456514657170204,0.015,0.14245278102923084,Sporting CP.png
Marc Guiu,Chelsea,FW,2.9927706368349827,0.10141102443941476,1.6213550436702648,0.0303,0.14236726390871518,Chelsea.png
Lloyd Kelly,Juventus,DF,2.2255688341120905,2.2393871288855682,2.117427535828155,0.0191,0.14131944258186385,Juventus.png
Hugo Ekitike,Liverpool,FW,1.951413540164642,0.18452374683697187,0.9995178585389932,0.065,0.14091241778051675,Liverpool.png
Enzo Fernández,Chelsea,MF,1.6123968232120722,1.9360108638678435,1.558000182990395,0.0303,0.13680422686416194,Chelsea.png
Ramy Bensebaini,Dortmund,DF,2.802089139214932,0.19232628422733392,1.5377569991231108,0.0302,0.13475762675991845,Dortmund.png
Patrik Schick,Leverkusen,FW,3.6689892612841097,0.2696316337150605,2.1625939042817537,0.0156,0.12828503577278225,Leverkusen.png
Robin Le Normand,Atletico Madrid,DF,1.9226829602779192,0.19598788414339055,0.9870995126868932,0.0564,0.12717270581006523,Atletico Madrid.png
Reece James,Chelsea,"MF,DF",0.324880491376964,3.529784082905822,1.4460353117302271,0.0303,0.12697286239070402,Chelsea.png
Gianluca Scamacca,Atalanta,FW,1.7759597812116361,0.06737041275527456,0.8473811203365141,0.0693,0.12446297682560846,Atalanta.png
Pedro Fernandez,Barcelona,FW,0.7726382128300051,2.178934805291445,1.1316760997936024,0.0416,0.1205736517054748,Barcelona.png
Alphonso Davies,Bayern Munich,FW,1.157056433275347,0.19059668095575016,0.5501696276214177,0.1243,0.11861922381360784,Bayern Munich.png
Xavi Simons,Tottenham,"MF,FW",1.6730892570364997,1.9442940449211368,1.6017564283745511,0.0227,0.11834749831083227,Tottenham.png
Sávio,Manchester City,"MF,FW",0.28824585533705444,1.8370003209955144,0.705287653970479,0.0839,0.11722020940031859,Manchester City.png
Thibaut Courtois,Real Madrid,GK,0.4082870362120487,1.8493021713492566,0.7780617808966586,0.0717,0.11680840987669858,Real Madrid.png
João Palhinha,Tottenham,MF,1.8727619107678386,1.5778387362778306,1.564332051672114,0.0227,0.11558235794359789,Tottenham.png
Weston McKennie,Juventus,"DF,MF",2.7753474455241265,0.293033446271058,1.6578245475345328,0.0191,0.11064503365140171,Juventus.png
Rico Lewis,Manchester City,MF,0.4053559789971922,1.5656135054179632,0.6647205106097542,0.0839,0.11047786957238231,Manchester City.png
João Pedro,Chelsea,"FW,MF",2.27770860892137,0.3074073394120427,1.2529671979364474,0.0303,0.11002001840002851,Chelsea.png
Joško Gvardiol,Manchester City,DF,0.2576221315830496,1.7437874357037328,0.6520087453040077,0.0839,0.10836514892202241,Manchester City.png
Marcel Sabitzer,Dortmund,MF,0.20616632813826502,3.1984526064242393,1.2230016216118524,0.0302,0.10717479819368435,Dortmund.png
Yan Couto,Dortmund,DF,1.8574151108413224,0.8172834339485416,1.2132746968908794,0.0302,0.10632240259944016,Dortmund.png
Scott McTominay,Napoli,MF,4.42766876168697,0.287576460684265,2.930921854721492,0.0063,0.10413276868793422,Napoli.png
Aleix García,Leverkusen,MF,2.950916353344788,0.31075689402600515,1.7261270243610247,0.0156,0.10239382744494706,Leverkusen.png
Joshua Kimmich,Bayern Munich,MF,0.5402200297117326,0.7253954560155933,0.4683220375406718,0.1243,0.10097248884503707,Bayern Munich.png
Luis Javier Suárez,Sporting CP,FW,2.9124505713300994,0.43676570131848474,1.724145895781402,0.015,0.0999828667975978,Sporting CP.png
Piotr Zieliński,Inter,MF,2.1665741044339284,0.3491579557880925,1.2017193475551704,0.0277,0.09997495963183244,Inter.png
Loïs Openda,Juventus,"FW,MF",2.532341477920899,0.4653806278878478,1.4864772610116583,0.0191,0.09920912729352165,Juventus.png
Ryan Gravenberch,Liverpool,MF,0.25376831681865897,1.8349026078200579,0.6852137201309623,0.065,0.09660169768369317,Liverpool.png
Pascal Groß,Dortmund,MF,0.5967975623185617,2.3276250307718245,1.0876755949933041,0.0302,0.09531582815071649,Dortmund.png
Wesley Fofana,Chelsea,DF,0.36927278680431475,2.645714593192092,1.0847069279068096,0.0303,0.0952454911537107,Chelsea.png
Conor Gallagher,Atletico Madrid,MF,1.4685164702851765,0.18402366099073453,0.7182974630871826,0.0564,0.09254166452645984,Atletico Madrid.png
Rayan Cherki,Manchester City,"FW,MF",1.2760514697294654,0.030601290342341894,0.5539016263753357,0.0839,0.0920595508306056,Manchester City.png
Folarin Balogun,Monaco,FW,4.66088208413713,0.40951078895955784,3.0007179671158255,0.0046,0.08968941934632914,Monaco.png
Jobe Bellingham,Dortmund,MF,0.13987828354822293,2.7820454428603605,1.0035608434879313,0.0302,0.08794463472104715,Dortmund.png
Wilson Odobert,Tottenham,FW,2.0628863080879616,0.4447251991488108,1.178841002834705,0.0227,0.08709993674462511,Tottenham.png
James Trafford,Manchester City,GK,1.1105995674466433,0.18294405124823238,0.5226973635465076,0.0839,0.08687334034983785,Manchester City.png
Carney Chukwuemeka,Dortmund,MF,1.2599234537715467,1.094049243643455,0.9667060228710224,0.0302,0.0847149513810726,Dortmund.png
Yunus Musah,Atalanta,MF,0.3890115951584026,1.3507937951882059,0.573767006149285,0.0693,0.08427465266313414,Atalanta.png
Marten de Roon,Atalanta,MF,0.18035522091092693,1.583367929224594,0.5663946186958103,0.0693,0.0831917995445671,Atalanta.png
Matvei Safonov,Paris S-G,GK,1.114124022834264,0.1835246188677006,0.5247716414798386,0.0768,0.08235307054591254,Paris S-G.png
Fábio Silva,Dortmund,"FW,MF",1.2064063147593242,1.0767567647106981,0.9277217989874376,0.0302,0.08129866292026577,Dortmund.png
Christian Kofane,Leverkusen,FW,1.6235097784977768,1.4794837279554032,1.3582765642544834,0.0156,0.08057294404174759,Leverkusen.png
Federico Gatti,Juventus,DF,2.153047124078005,0.35744226577290344,1.1969064181612257,0.0191,0.07988285075883093,Juventus.png
Pablo Barrios,Atletico Madrid,MF,0.21200092903276183,1.5871052957979466,0.6195686557135514,0.0564,0.07982196462413801,Atletico Madrid.png
Alejandro Garnacho,Chelsea,FW,1.762259423494033,0.2140998307179697,0.8994076209811909,0.0303,0.07897480729938115,Chelsea.png
Andriy Lunin,Real Madrid,GK,1.1145303001123759,0.18359154308896497,0.5250108568939339,0.0717,0.07881852684128766,Real Madrid.png
Guus Til,PSV Eindhoven,"FW,MF",3.0508406881670442,3.0096604727156966,3.108993976382265,0.0033,0.07759505073338607,PSV Eindhoven.png
Piero Hincapié,Arsenal,DF,0.6356639328029763,0.12151973226092401,0.2656281164569674,0.1925,0.07729759269477846,Arsenal.png
Brahim Díaz,Real Madrid,"FW,MF",1.2096017825836112,0.01867483842590149,0.5142785525971545,0.0717,0.0772073136574516,Real Madrid.png
Pedri,Barcelona,MF,0.2669024114332143,1.8989993361479705,0.7176617280564319,0.0416,0.07646277522058398,Barcelona.png
Alessandro Bastoni,Inter,DF,0.21939786181425175,2.4452418063101855,0.9105560926404744,0.0277,0.07575213696064025,Inter.png
Quentin Ndjantou Mbitcha,Paris S-G,"FW,MF",0.20142156362927435,1.3641353479400524,0.4796294088468875,0.0768,0.0752688434749948,Paris S-G.png
Pedro Gonçalves,Sporting CP,"FW,MF",0.984039647591572,2.2447973058736124,1.2923588729196727,0.015,0.07494362592050839,Sporting CP.png
Moisés Caicedo,Chelsea,MF,1.6233741784735973,0.24484859287866192,0.849983904017077,0.0303,0.07463503028147919,Chelsea.png
Jacob Murphy,Newcastle Utd,"FW,DF",0.15042435542965235,3.29266466309207,1.229386390183815,0.0158,0.07346717219846416,Newcastle Utd.png
Antonio Rüdiger,Real Madrid,DF,1.0510358466514282,0.1731323885129876,0.48789385135638236,0.0717,0.07324624646114924,Real Madrid.png
Ricardo Pepi,PSV Eindhoven,FW,3.4597261882906967,2.091930706483229,2.9340405455502427,0.0033,0.07322851916577343,PSV Eindhoven.png
Gonzalo García,Real Madrid,FW,0.24634148127845307,1.3191266537688562,0.486594382913016,0.0717,0.07305116061285112,Real Madrid.png
Tyrique George,Chelsea,FW,1.7287002319595282,0.08775918597392336,0.8282590861168813,0.0303,0.07272742657959996,Chelsea.png
Timothy Weah,Marseille,"DF,FW",1.6471545128214369,1.8394828987980922,1.5364971172372721,0.0105,0.07265757308807154,Marseille.png
Rasmus Højlund,Napoli,FW,3.55020421117783,0.17195678089445485,2.0322515577095372,0.0063,0.07220389756681883,Napoli.png
Ferland Mendy,Real Madrid,DF,1.013912981352231,0.20552113066724295,0.4803872817152537,0.0717,0.0721193045075187,Real Madrid.png
Cristian Romero,Tottenham,DF,0.30226086919015666,2.4669073869211147,0.9686976484147174,0.0227,0.07157326874336734,Tottenham.png
Couhaib Driouech,PSV Eindhoven,"MF,FW",3.3074687806173837,2.134039895587563,2.8428776725991938,0.0033,0.07095325333850759,PSV Eindhoven.png
Waldemar Anton,Dortmund,DF,1.6049520506011947,0.2001206921926373,0.8022609369184913,0.0302,0.07030420278559847,Dortmund.png
Francisco Conceição,Juventus,MF,1.9370089763449578,0.3233575033014003,1.0494718453847205,0.0191,0.07004290521664644,Juventus.png
Mohammed Kudus,Tottenham,FW,1.7218893542755263,0.3650370396139903,0.937955747687401,0.0227,0.06930187030853172,Tottenham.png
Kevin De Bruyne,Napoli,"MF,FW",0.3190648485422303,4.609471981395673,1.9461967638235007,0.0063,0.06914645544096112,Napoli.png
Sacha Boey,Bayern Munich,DF,0.7294269507755313,0.14785554028769973,0.318286269085729,0.1243,0.06862405391716415,Bayern Munich.png
Brennan Johnson,Tottenham,FW,1.9125638489849242,0.04915141692904124,0.9199389805543812,0.0227,0.06797068207037649,Tottenham.png
Juan Musso,Atletico Madrid,GK,1.1129559756596923,0.18333221173156558,0.5240840186575787,0.0564,0.06752022655048968,Atletico Madrid.png
Alejandro Balde,Barcelona,DF,0.1935452720514013,1.769142406927529,0.6265675466833057,0.0416,0.06675720831916945,Barcelona.png
Yunus Akgün,Galatasaray,"FW,MF",3.2859612583186006,0.4472255516118676,1.982851487122792,0.0057,0.06666215383598983,Galatasaray.png
Ibrahim Maza,Leverkusen,MF,0.22018177640053566,2.946989606756623,1.1225613771781715,0.0156,0.06659032291884392,Leverkusen.png
Julian Ryerson,Dortmund,DF,0.23975124558369826,2.0332059691221316,0.7553944837102634,0.0302,0.06619717416365302,Dortmund.png
Carlos Augusto,Inter,DF,1.5700440489107126,0.2174514302179388,0.7891933207013915,0.0277,0.06565557136060936,Inter.png
Maximilian Beier,Dortmund,MF,0.48074224397748405,1.6732362163122634,0.7491607935319103,0.0302,0.06565089975562204,Dortmund.png
Malo Gusto,Chelsea,"DF,MF",0.2445128788103297,1.9853553413943477,0.7391149172948484,0.0303,0.06489989277807041,Chelsea.png
Andrey Santos,Chelsea,MF,0.0853827983996896,2.1743485509298206,0.723975704235438,0.0303,0.06357055510498413,Chelsea.png
David Alaba,Real Madrid,DF,0.9287752500936465,0.1529929525741375,0.4180148658736229,0.0717,0.06275549446889561,Real Madrid.png
William Saliba,Arsenal,DF,0.3819672963075099,0.30805160342523935,0.2101727142579648,0.1925,0.061160110153098565,Arsenal.png
Richarlison,Tottenham,FW,1.6337037055975536,0.17201348634768873,0.8074804112095464,0.0227,0.059661559590947766,Tottenham.png
Yann Aurel Bisseck,Inter,DF,0.256540601286645,1.9093317371570904,0.7159035655872978,0.0277,0.05955835712846351,Inter.png
Alisson Santos,Sporting CP,"FW,MF",2.119164836642868,0.009610487430366015,1.0268015930182048,0.015,0.05954401373659425,Sporting CP.png
Ayoub El Kaabi,Olympiacos,FW,3.6127435171743048,1.3377586286629162,2.8734382177300737,0.0023,0.059087447079993125,Olympiacos.png
Aaron Anselmino,Dortmund,DF,0.470717039678584,1.4804617200228403,0.6679070898776029,0.0302,0.0585304273557877,Dortmund.png
João Mário Lopes,Juventus,DF,0.6845917363078746,1.6927022517084551,0.8744036915172204,0.0191,0.05835866407981117,Juventus.png
Ange-Yoan Bonny,Inter,FW,0.0671468942849979,2.1052602197363925,0.6866778883399833,0.0277,0.05712697753142404,Inter.png
Joelinton,Newcastle Utd,MF,1.8516457715166852,0.21175442704763695,0.9512906955142779,0.0158,0.05684839029956612,Newcastle Utd.png
Clément Lenglet,Atletico Madrid,DF,0.7777661752171219,0.4270596987691178,0.4387149138413693,0.0564,0.05652172040949423,Atletico Madrid.png
Kieran Trippier,Newcastle Utd,DF,0.48037050332256775,2.1377292642279033,0.9375796787401355,0.0158,0.05602903062680177,Newcastle Utd.png
Liam Delap,Chelsea,FW,1.4134625254634565,0.036222099528334925,0.6303290419583222,0.0303,0.05534766824585653,Chelsea.png
Dan Burn,Newcastle Utd,DF,1.5981380353059196,0.34614565208316606,0.9181929419046208,0.0158,0.054870494348188734,Newcastle Utd.png
Sead Kolašinac,Atalanta,DF,0.8484569817431568,0.1397624869482023,0.3733281336823453,0.0693,0.05483427673300166,Atalanta.png
Javi Galán,Atletico Madrid,DF,0.9406951229825864,0.15495645940466884,0.42473157695920705,0.0564,0.054720180884145146,Atletico Madrid.png
Lewis Miley,Newcastle Utd,"MF,DF",1.819590059648688,0.17107962403798982,0.915438256513526,0.0158,0.054705876496880086,Newcastle Utd.png
Trent Alexander-Arnold,Real Madrid,DF,0.8306955244003958,0.13683672229134416,0.36358484517107936,0.0717,0.054584055742663735,Real Madrid.png
Nick Woltemade,Newcastle Utd,FW,1.7695549736089626,0.23371812482572668,0.911788446669031,0.0158,0.05448776670611116,Newcastle Utd.png
Christian Nørgaard,Arsenal,"MF,DF",0.39347874878081807,0.21605325775381745,0.18718570759548925,0.1925,0.05447090758686327,Arsenal.png
Abdukodir Khusanov,Manchester City,DF,0.7635521711586748,0.12577650093300857,0.32722903383481095,0.0839,0.054386115582828576,Manchester City.png
Alisson,Liverpool,GK,0.6990306077631953,0.3838271839199053,0.3839205186077044,0.065,0.05412526454668741,Liverpool.png
Darryl Bakola,Marseille,MF,0.7619109380306478,2.178375858206909,1.124835612492798,0.0105,0.05319100492275147,Marseille.png
David Raya,Arsenal,GK,0.3477050609042594,0.19091961479144806,0.18042111845367223,0.1925,0.052502416964687736,Arsenal.png
Giorgi Kochorashvili,Sporting CP,MF,0.4553785771129178,2.0894287903249644,0.9028481754067255,0.015,0.05235598047764616,Sporting CP.png
Ruben van Bommel,PSV Eindhoven,"MF,FW",3.4810686525131875,0.34034406602919065,2.0660360271666245,0.0033,0.0515646448860428,PSV Eindhoven.png
Matheus Nunes,Manchester City,DF,0.6365480513388757,0.25469753793732075,0.3096691699415437,0.0839,0.05146763131471173,Manchester City.png
Emre Can,Dortmund,DF,1.2511047505627606,0.1421302711119386,0.5823938648237327,0.0302,0.051036682068712085,Dortmund.png
Pedro Porro,Tottenham,DF,0.2372945611351222,1.6950827330347749,0.6701014225185774,0.0227,0.04951116509648193,Tottenham.png
Takumi Minamino,Monaco,MF,1.7137661621665632,2.002889879746507,1.6558464244176383,0.0046,0.04949212353850675,Monaco.png
Raphinha,Barcelona,"FW,MF",0.6220474395916701,0.6895617807907386,0.4530388303087627,0.0416,0.04826871058306082,Barcelona.png
Mateo Kovačić,Manchester City,MF,0.6169387366060437,0.21180606972279928,0.2862732780261889,0.0839,0.047579187593931815,Manchester City.png
Leroy Sané,Galatasaray,"FW,MF",0.2875398199919725,3.489334856216873,1.403712148820417,0.0057,0.04719187282245496,Galatasaray.png
Filip Jørgensen,Chelsea,GK,1.1181969525473354,0.18419553418587575,0.5271707615227431,0.0303,0.046289589207291496,Chelsea.png
Eric Dier,Monaco,DF,2.511898740589804,0.6158450727215226,1.5418638566377405,0.0046,0.0460852621034054,Monaco.png
Rodrigo Bentancur,Tottenham,MF,0.2481461163609716,1.683035466257921,0.6234656550251567,0.0227,0.046065431202813194,Tottenham.png
John Stones,Manchester City,DF,0.451082481767174,0.4189833022901054,0.27656463625035776,0.0839,0.045965592041040934,Manchester City.png
Khéphren Thuram,Juventus,MF,0.20395842813932533,1.8784988788278487,0.6744879585610066,0.0191,0.045016068186125885,Juventus.png
Lorenzo Bernasconi,Atalanta,"DF,MF",0.4849829176491305,0.45047137187607383,0.302785272966992,0.0693,0.04447297149771341,Atalanta.png
Sandro Tonali,Newcastle Utd,MF,0.3537568916717488,1.834729967882771,0.7412673233919748,0.0158,0.04429755732417883,Newcastle Utd.png
Jorrel Hato,Chelsea,DF,0.8588750692749806,0.4715953715298621,0.49663071878963205,0.0303,0.04360794193913614,Chelsea.png
Dani Carvajal,Real Madrid,DF,0.6427126408114817,0.17931565154426465,0.2876912223271572,0.0717,0.043190341744831634,Real Madrid.png
Dani Ceballos,Real Madrid,MF,0.5531704239689913,0.30373755269343583,0.28654627899823754,0.0717,0.04301845435370966,Real Madrid.png
Johnny Cardoso,Atletico Madrid,MF,0.7673510147561489,0.12640226728314152,0.32926534531799345,0.0564,0.04242081406726109,Atletico Madrid.png
Maghnes Akliouche,Monaco,"MF,FW",0.42892428535137556,3.0524833808010534,1.4125007831212368,0.0046,0.04221868781161896,Monaco.png
Maximiliano Araújo,Sporting CP,DF,1.424240470902613,0.16183257650068836,0.7247856557014627,0.015,0.04203017148845543,Sporting CP.png
Cristhian Mosquera,Arsenal,DF,0.2819035962811523,0.2273515447140203,0.1437703657217141,0.1925,0.041837074024265626,Arsenal.png
Marko Janković,Qarabağ,MF,2.630147189590528,2.7091734803955596,2.6410180994257684,0.0014,0.04174559472479806,Qarabağ.png
Davide Zappacosta,Atalanta,"DF,MF",0.2529878090335657,0.7214379387767583,0.2829061988274449,0.0693,0.0415531415834448,Atalanta.png
Mehdi Taremi,Olympiacos,"MF,FW",2.5243400935593394,1.5342612248881364,1.9823720457760967,0.0023,0.04076416281543874,Olympiacos.png
Andrea Cambiaso,Juventus,DF,0.22470279329803766,1.5897640260313435,0.6101253085667159,0.0191,0.040720434136610556,Juventus.png
Ismael Saibari,PSV Eindhoven,"FW,MF",2.8155472912524138,0.14813661206468634,1.631262728757383,0.0033,0.04071346395617706,PSV Eindhoven.png
Pierre Kalulu,Juventus,DF,0.17932479618838984,1.5600638807544236,0.6075083546793423,0.0191,0.040545775755925315,Juventus.png
Nick Pope,Newcastle Utd,GK,0.3893748289159406,1.6128058571340516,0.6741722933298214,0.0158,0.040288010637640086,Newcastle Utd.png
Rodri,Manchester City,MF,0.518561519149153,0.21138511773368948,0.24089928740311306,0.0839,0.04003794020044253,Manchester City.png
Josip Stanišić,Bayern Munich,DF,0.29746848652175645,0.34042078658233665,0.18334789412287977,0.1243,0.039530689803329466,Bayern Munich.png
Wojciech Szczęsny,Barcelona,GK,0.6709970924056344,0.3684344026374109,0.36477232489059497,0.0416,0.03886441647144127,Barcelona.png
Joan García,Barcelona,GK,0.6709970924056344,0.3684344026374109,0.36477232489059497,0.0416,0.03886441647144127,Barcelona.png
Éder Militão,Real Madrid,DF,0.43544867604978926,0.3814823427026934,0.2572511514743236,0.0717,0.03862045236052605,Real Madrid.png
Fabio Miretti,Juventus,MF,0.33956414425985976,1.404723348656304,0.567487959278865,0.0191,0.037874770550692057,Juventus.png
Jordan Teze,Monaco,"MF,DF",2.0350268995622844,0.6208123201146211,1.2383467763188398,0.0046,0.03701334298477515,Monaco.png
Ben Davies,Tottenham,DF,1.0700818050319085,0.1762697432249483,0.49897025757799773,0.0227,0.03686695471907235,Tottenham.png
Daniel Maldini,Atalanta,FW,0.6130418277521421,0.10098361177237365,0.24869443588807055,0.0693,0.03652813246335068,Atalanta.png
Manuel Neuer,Bayern Munich,GK,0.32539832771105026,0.17867132338772945,0.16607059881511954,0.1243,0.03580562164959407,Bayern Munich.png
Warren Zaïre-Emery,Paris S-G,"MF,DF",0.3639355425443486,0.3892974180413948,0.22738405712629897,0.0768,0.03568366469790906,Paris S-G.png
Franco Mastantuono,Real Madrid,FW,0.5957393849670801,0.08599832138736108,0.2361231967165153,0.0717,0.03544856696556125,Real Madrid.png
Aleksandar Pavlovic,Bayern Munich,MF,0.22608945034416056,0.34335532945235536,0.1638255166692629,0.1243,0.03532157111650547,Bayern Munich.png
Dean Huijsen,Real Madrid,DF,0.39353717456541254,0.3659871736508787,0.23333217752731572,0.0717,0.03502955844794707,Real Madrid.png
Carlos Forbs,Club Brugge,"FW,MF",2.641564749135206,2.681987768022389,2.6354674375794587,0.001,0.034917599670382576,Club Brugge.png
Lucas Hernández,Paris S-G,DF,0.5598110553196174,0.09221514702115119,0.22200117499023062,0.0768,0.034838922266626215,Paris S-G.png
Ivan Perišić,PSV Eindhoven,"MF,FW",1.6088062689757092,1.5770684615783912,1.3925892727071885,0.0033,0.03475659203181334,PSV Eindhoven.png
Dennis Man,PSV Eindhoven,"MF,FW",2.599450244744354,0.15376777025933033,1.3889541032334816,0.0033,0.03466586456116543,PSV Eindhoven.png
Álvaro Carreras,Real Madrid,DF,0.4082870362120487,0.32755021840808,0.22788812618516727,0.0717,0.0342122570508387,Real Madrid.png
Roony Bardghji,Barcelona,FW,0.04064951956079344,1.1166368964777713,0.31321660824961595,0.0416,0.03337144810104863,Barcelona.png
Giorgi Mamardashvili,Liverpool,GK,0.47362182094200794,0.26005861225002563,0.23599929866918312,0.065,0.03327127323026568,Liverpool.png
Andreas Christensen,Barcelona,"DF,MF",0.7290282373141309,0.12008952922180251,0.3088402335305996,0.0416,0.03290517026660505,Barcelona.png
Gianluigi Donnarumma,Manchester City,GK,0.40602108444003826,0.22294006545922132,0.1946734909565433,0.0839,0.032355120986666513,Manchester City.png
Hans Vanaken,Club Brugge,MF,1.9197956854934806,2.7299780784696104,2.4116905198820326,0.001,0.031952754528980484,Club Brugge.png
Isak Hien,Atalanta,DF,0.4088173795667468,0.2910528202337288,0.21676580854455893,0.0693,0.03183846932387592,Atalanta.png
Benoît Badiashile,Chelsea,DF,0.8253906611161119,0.1359628761194281,0.36068482686829695,0.0303,0.03167086205769442,Chelsea.png
Lucas Vázquez,Leverkusen,DF,1.0972127311328568,0.22240606958614342,0.5302176667809301,0.0156,0.03145250350316852,Leverkusen.png
Gelson Martins,Olympiacos,FW,2.792310912707159,0.1731963295265681,1.5226068420827383,0.0023,0.031309861005562295,Olympiacos.png
Alexander Isak,Liverpool,FW,0.45911210035528666,0.23612241066025763,0.22201723312696509,0.065,0.031300076173317114,Liverpool.png
Leandro Andrade,Qarabağ,"FW,MF",3.492296874384422,0.1245944152621801,1.9694271289579017,0.0014,0.031130005047437955,Qarabağ.png
Jeremie Frimpong,Liverpool,"DF,FW",0.42267022072269006,0.2810402502686261,0.21979741816672288,0.065,0.03098712579389086,Liverpool.png
Camilo Marques,Qarabağ,FW,2.6750940263678245,1.2663850595441488,1.957090309608685,0.0014,0.030935001514195443,Qarabağ.png
Lucas Chevalier,Paris S-G,GK,0.4080528293105489,0.22405566598290538,0.19589194357187434,0.0768,0.030741567899625687,Paris S-G.png
Fotis Ioannidis,Sporting CP,"FW,MF",0.14761350314342309,1.5705138263987908,0.5270858809900253,0.015,0.030565602109928265,Sporting CP.png
Illia Zabarnyi,Paris S-G,DF,0.3314588529951761,0.3289439635530739,0.1945178632587252,0.0768,0.03052593175616829,Paris S-G.png
Nikola Krstović,Atalanta,FW,0.45260287647455966,0.19560916595413758,0.20662921601730228,0.0693,0.030349610945358405,Atalanta.png
Aaron Ramsdale,Newcastle Utd,GK,1.0817234099048412,0.17818741222186854,0.505764939721541,0.0158,0.03022411848313422,Newcastle Utd.png
Pedro Neto,Chelsea,FW,0.6625079094761218,0.3187891078912223,0.343671844901446,0.0303,0.030176993269975978,Chelsea.png
Arthur Vermeeren,Marseille,MF,0.32531397067215817,1.6102111058379602,0.6378093326027994,0.0105,0.03016060211239938,Marseille.png
Viktor Dadason,FC Copenhagen,FW,3.177786402678353,0.17042970097000684,1.7771456870397726,0.0016,0.030140390852194544,FC Copenhagen.png
João Virgínia,Sporting CP,GK,1.086090890644544,0.17890684760046033,0.5083187722318665,0.015,0.02947730132300871,Sporting CP.png
Mattia Perin,Juventus,GK,0.7800956259010098,0.4283387650734361,0.4403579961509023,0.0191,0.029389976988361308,Juventus.png
Raúl Asencio,Real Madrid,DF,0.37851344242295387,0.2557501221842723,0.19270970937348822,0.0717,0.02893101199981399,Real Madrid.png
Mauro Júnior,PSV Eindhoven,"MF,DF",0.2226837112203674,3.006121526352747,1.1496037901594491,0.0033,0.02869209946958977,PSV Eindhoven.png
Federico Chiesa,Liverpool,"FW,MF",0.4630152980852558,0.17013835847642855,0.20338471935808544,0.065,0.028673257110434735,Liverpool.png
Francesco Acerbi,Inter,DF,0.7892129825224351,0.13000349050405263,0.3410328469241935,0.0277,0.02837163699971957,Inter.png
Matt O'Riley,Marseille,MF,0.1997710747365542,1.6467233242143369,0.5834081784420152,0.0105,0.027588091047998704,Marseille.png
Dayot Upamecano,Bayern Munich,DF,0.18416860170465535,0.2897322971024135,0.12793786125897164,0.1243,0.02758401961322933,Bayern Munich.png
Marc Cucurella,Chelsea,DF,0.4104007534980843,0.588998664045281,0.3134092016059413,0.0303,0.02751970377533607,Chelsea.png
Gleison Bremer,Juventus,DF,0.917848084134429,0.15119296987304837,0.411876431851164,0.0191,0.027489086061709453,Juventus.png
Mario Lemina,Galatasaray,MF,0.4179875623337943,1.9245759283342387,0.8138596801767707,0.0057,0.027361423461712647,Galatasaray.png
Jordan Larsson,FC Copenhagen,MF,2.8327101512593718,0.29607528159993685,1.6056294913622253,0.0016,0.02723147617350334,FC Copenhagen.png
Ansu Fati,Monaco,"MF,FW",1.859083158486255,0.08381050031041334,0.9027138892306592,0.0046,0.026981504242727508,Monaco.png
Henrikh Mkhitaryan,Inter,MF,0.7507272393389687,0.12366390783208239,0.3203731800868214,0.0277,0.026652891801620348,Inter.png
Leonardo Spinazzola,Napoli,DF,0.38000899943726213,1.8044840287909243,0.7441419446954356,0.0063,0.02643863086050198,Napoli.png
Ethan Nwaneri,Arsenal,MF,0.24395987977543276,0.08624019378748297,0.0904143592147664,0.1925,0.0263105141336746,Arsenal.png
Berat Djimsiti,Atalanta,DF,0.28394575376842024,0.29968332626955835,0.17485662926880138,0.0693,0.025682866981794672,Atalanta.png
Stefan de Vrij,Inter,DF,0.5860795129567595,0.32180743806220885,0.308011377393154,0.0277,0.025624473038295625,Inter.png
Joe Gomez,Liverpool,DF,0.47128171621074044,0.07763210879060135,0.17902108033329886,0.065,0.025238461772277707,Liverpool.png
Jan Oblak,Atletico Madrid,GK,0.407379484468737,0.22368594246641066,0.1954879652087713,0.0564,0.02518564052496816,Atletico Madrid.png
Ronald Araújo,Barcelona,DF,0.472063239266582,0.25920281851403726,0.2350289233132765,0.0416,0.025040994985628964,Barcelona.png
Nicolo Tresoldi,Club Brugge,FW,2.58495057527348,1.2313833236865976,1.8786627456506393,0.001,0.024890610573636812,Club Brugge.png
Leandro Barreiro Martins,Benfica,MF,2.628234124718671,0.13732973096740084,1.4000437074475078,0.0017,0.024518156926746158,Benfica.png
Federico Dimarco,Inter,DF,0.43345018745893954,0.48964093706873385,0.29142461434386957,0.0277,0.024244566016203808,Inter.png
Chiquinho,Olympiacos,MF,1.4317099262536555,1.3259576135651674,1.1699638681994997,0.0023,0.024058348539107505,Olympiacos.png
Krépin Diatta,Monaco,DF,0.6553627617581561,1.5566155877996208,0.8022363053876145,0.0046,0.023978297593198045,Monaco.png
Robert,FC Copenhagen,MF,2.6324216869077297,0.1584493879640148,1.4122409351810388,0.0016,0.023951606260670416,FC Copenhagen.png
Nathan Aké,Manchester City,DF,0.3776725590041679,0.09137638627361705,0.1440093241189195,0.0839,0.023934635795460374,Manchester City.png
Federico Valverde,Real Madrid,"DF,MF",0.22522745692142704,0.3543256986281958,0.15701079648141833,0.0717,0.02357162621370852,Real Madrid.png
Marco Carnesecchi,Atalanta,GK,0.31570467431476396,0.17334868423048583,0.15990972297335376,0.0693,0.023487471772699078,Atalanta.png
Gorka Guruzeta,Athletic Club,FW,3.868658302519889,0.15230525697045427,2.2452698836183287,0.0006,0.0228073593569149,Athletic Club.png
Nahuel Molina,Atletico Madrid,DF,0.37217118068354554,0.20435359286342358,0.17460211841844903,0.0564,0.022494817953057657,Atletico Madrid.png
Leon Goretzka,Bayern Munich,MF,0.27113113152760604,0.09308415234919618,0.1024359724069328,0.1243,0.02208568944460847,Bayern Munich.png
Jonathan Burkardt,Eint Frankfurt,FW,2.652622447019301,1.374804888551788,1.9938535059105735,0.0007,0.021938380581816963,Eint Frankfurt.png
Elias Achouri,FC Copenhagen,MF,1.4430928175816697,1.5859497266080014,1.291006082792265,0.0016,0.021895463164156814,FC Copenhagen.png
Kim Min-jae,Bayern Munich,DF,0.2789958392237369,0.07783932898126618,0.10136842938110989,0.1243,0.02185552202213876,Bayern Munich.png
Richard Ríos,Benfica,MF,1.3977334687730534,1.3512520490125781,1.2420484252807187,0.0017,0.021751276792044284,Benfica.png
Niklas Süle,Dortmund,DF,0.5701362483448402,0.15906697075675652,0.24767312074511208,0.0302,0.021704236744080008,Dortmund.png
Aurélien Tchouaméni,Real Madrid,MF,0.19379233269837218,0.2970027528560206,0.14097560206223858,0.0717,0.02116430380287175,Real Madrid.png
Odilon Kossounou,Atalanta,DF,0.31973698989665755,0.16840444346779182,0.1423742889173532,0.0693,0.020911874712344163,Atalanta.png
William Osula,Newcastle Utd,FW,0.06041201311756813,1.1905357222495387,0.3476182306457449,0.0158,0.02077339444627975,Newcastle Utd.png
Denis Zakaria,Monaco,MF,1.2956510964087729,0.36032106499766414,0.6906056769160961,0.0046,0.02064173402454667,Monaco.png
Tosin Adarabioyo,Chelsea,DF,0.4152183406688306,0.33311089040427017,0.23273428728510015,0.0303,0.02043583472224545,Chelsea.png
Rúben Dias,Manchester City,DF,0.23567446739642953,0.21917581819137283,0.12292298498217279,0.0839,0.02043004433525165,Manchester City.png
Conor Bradley,Liverpool,DF,0.2517198093588833,0.2713417300333506,0.1440186953481542,0.065,0.02030381187662627,Liverpool.png
Ansgar Knauff,Eint Frankfurt,FW,2.4987952051630313,1.2796422715757119,1.8430491687821702,0.0007,0.020279079669536237,Eint Frankfurt.png
Robert Sánchez,Chelsea,GK,0.4104007534980843,0.3292459581629282,0.22936381100647513,0.0303,0.020139881354270694,Chelsea.png
Nicolás González,Manchester City,MF,0.20743163356447542,0.2498150886806712,0.12024540284653154,0.0839,0.019985024864317375,Manchester City.png
Milos Kerkez,Liverpool,DF,0.2699594780797751,0.23650266907894718,0.14151723483022946,0.065,0.0199511549965596,Liverpool.png
Marc Pubill,Atletico Madrid,DF,0.4189485027036619,0.06901149486776759,0.15452695181655107,0.0564,0.019908439149767712,Atletico Madrid.png
Abdellah Zoubir,Qarabağ,"MF,FW",1.426863757264722,1.2764153110975607,1.2481401764343147,0.0014,0.019728889391743963,Qarabağ.png
Ezequiél Fernández,Leverkusen,MF,0.5757538060089095,0.38901948974985445,0.32553522130382756,0.0156,0.019310744115008487,Leverkusen.png
Raoul Bellanova,Atalanta,"DF,MF",0.17407443585591897,0.33457832715754726,0.13054391905065763,0.0693,0.019174235042047794,Atalanta.png
Mislav Oršić,Pafos FC,"MF,FW",1.4305780187949786,1.482229964246714,1.2374338960188596,0.0013,0.0188117238872674,Pafos FC.png
Valentino Livramento,Newcastle Utd,DF,0.596366211755142,0.32745570952238073,0.3147837976135508,0.0158,0.01881123432731628,Newcastle Utd.png
Honest Ahanor,Atalanta,DF,0.22094081995007706,0.25284307791726596,0.1264211315254201,0.0693,0.01856868177221949,Atalanta.png
Iván Fresneda,Sporting CP,DF,0.22868380915362296,0.8500587009593457,0.31389741126028514,0.015,0.018202846484707793,Sporting CP.png
David Neres,Napoli,"MF,FW",0.13174459036557773,1.5431048856352867,0.5086294948209583,0.0063,0.018071105323647273,Napoli.png
Fran Garcia,Real Madrid,DF,0.3254873387173135,0.07833713008013542,0.11946789173200667,0.0717,0.017935406682558483,Real Madrid.png
Matteo Ruggeri,Atletico Madrid,DF,0.21676862898536772,0.29454340174351173,0.13643318178527788,0.0564,0.017577333051945167,Atletico Madrid.png
Curtis Jones,Liverpool,"MF,DF",0.21770491686629964,0.24913993380958527,0.12411092673023914,0.065,0.017497206887430804,Liverpool.png
Kevin Danso,Tottenham,DF,0.3876135091017493,0.38467255545743584,0.2365489867860298,0.0227,0.017477676579389676,Tottenham.png
Michele Di Gregorio,Juventus,GK,0.5126693242461196,0.2814990085157605,0.26056600139664265,0.0191,0.017390461515254026,Juventus.png
Rayan Aït-Nouri,Manchester City,DF,0.3052005070865121,0.05027430123873503,0.10400039724033756,0.0839,0.017285072655956284,Manchester City.png
Christos Tzolis,Club Brugge,"FW,MF",1.3412017144317947,1.486247763170086,1.304231809859808,0.001,0.017279911549918463,Club Brugge.png
Geoffrey Kondogbia,Marseille,MF,0.8323656267316966,0.1371118307061527,0.364498802820152,0.0105,0.017236347604764213,Marseille.png
Ben White,Arsenal,DF,0.17341783897251048,0.06130347355869567,0.05901421137540313,0.1925,0.017173093477242933,Arsenal.png
Hidemasa Morita,Sporting CP,MF,0.03394811003134333,1.060191029258083,0.2913696996214792,0.015,0.016896469108205893,Sporting CP.png
Facundo Medina,Marseille,DF,0.8179379558683473,0.13473522564057938,0.35661851466906647,0.0105,0.01686370609058938,Marseille.png
Jamie Gittens,Chelsea,FW,0.21315895209187571,0.4889638993966899,0.19180073022336344,0.0303,0.016841558105484957,Chelsea.png
Nicolò Barella,Inter,MF,0.2953826737500261,0.404217529558463,0.20173640817451965,0.0277,0.01678311105213569,Inter.png
Zeno Debast,Sporting CP,"DF,MF",0.6880512138651641,0.11333956920238446,0.2872958755638219,0.015,0.01666022888682428,Sporting CP.png
Nico Schlotterbeck,Dortmund,DF,0.3924898336692096,0.21551025935258994,0.18659783409237024,0.0302,0.01635205126373527,Dortmund.png
Jeanuël Belocian,Leverkusen,DF,0.6609390889261169,0.10887351130025416,0.27321543543947197,0.0156,0.01620713525532185,Leverkusen.png
Sergiño Dest,PSV Eindhoven,DF,0.28418163531396945,1.658109032934879,0.6336383207418741,0.0033,0.015814503990064323,PSV Eindhoven.png
Ulisses Garcia,Marseille,DF,0.7763314748596267,0.12788157791999027,0.3340891928396227,0.0105,0.015798343956756805,Marseille.png
Oscar Bobb,Manchester City,"FW,MF",0.25710683906428233,0.07164330925721368,0.09150345625486306,0.0839,0.015208056234452243,Manchester City.png
Mohamed Elyounoussi,FC Copenhagen,"FW,MF",1.7153927599333716,0.22760496707309225,0.8774642218245428,0.0016,0.014881793202144245,FC Copenhagen.png
Daniele Rugani,Juventus,DF,0.5530369865431445,0.09109928526347796,0.2186483258427443,0.0191,0.014592829745868605,Juventus.png
Pau Cubarsí,Barcelona,DF,0.30588023321044494,0.16795423151156402,0.13663449284602183,0.0416,0.01455762806546421,Barcelona.png
Ousmane Diomande,Sporting CP,DF,0.4965484479273552,0.2726472780034843,0.2503647135340248,0.015,0.014518598376935072,Sporting CP.png
Joey Veerman,PSV Eindhoven,MF,0.14135060717037076,1.5465865017460405,0.5793247177931761,0.0033,0.014458931477433946,PSV Eindhoven.png
Trevoh Chalobah,Chelsea,DF,0.3545073175440892,0.19465463151513754,0.16430568428061745,0.0303,0.014427284638859077,Chelsea.png
Miguel Gutiérrez,Napoli,DF,0.606255908044232,0.5631145359273042,0.40021805348091144,0.0063,0.014219353518663925,Napoli.png
Arthur,Leverkusen,DF,0.47774718995116267,0.2623237902720311,0.238571609191227,0.0156,0.014152064037021064,Leverkusen.png
Manuel Akanji,Inter,DF,0.3388184011672711,0.22892937947493755,0.16778792296642187,0.0277,0.013958825627134977,Inter.png
Gabriel Jesus,Arsenal,FW,0.14903443104228148,0.048195563698238936,0.047801890040264215,0.1925,0.01391031595471757,Arsenal.png
Gregor Kobel,Dortmund,GK,0.31029372873456335,0.17037761546564595,0.15649117579140906,0.0302,0.013713726857068386,Dortmund.png
Roméo Lavia,Chelsea,MF,0.42215893235549884,0.06954033444592882,0.15600855457141277,0.0303,0.01369873375199027,Chelsea.png
Koke,Atletico Madrid,MF,0.18966584247968876,0.21705221968114227,0.10446267120560959,0.0564,0.013458420739367222,Atletico Madrid.png
Lukáš Hrádecký,Monaco,GK,0.7874651831051929,0.43238527799719706,0.44556419546990994,0.0046,0.013317610788867585,Monaco.png
Yann Sommer,Inter,GK,0.31436514787413816,0.17261317042639526,0.15906205745172303,0.0277,0.013232892359638204,Inter.png
Enzo Barrenechea,Benfica,MF,1.4270501351489915,0.1199478272428348,0.753872646138964,0.0017,0.01320213629224108,Benfica.png
Frenkie de Jong,Barcelona,MF,0.19925729474078274,0.27183961067640205,0.12309972003241704,0.0416,0.01311557500501878,Barcelona.png
Vangelis Pavlidis,Benfica,FW,1.55485330022235,0.12735516576893063,0.744625475786907,0.0017,0.013040195938083537,Benfica.png
Axel Tapé,Leverkusen,DF,0.555379283659841,0.0914851212896352,0.2198064992659035,0.0156,0.013038918016733068,Leverkusen.png
İlkay Gündoğan,Galatasaray,MF,0.5630671705379762,0.5608531805504561,0.37795644008167684,0.0057,0.012706645210523294,Galatasaray.png
Derrick Luckassen,Pafos FC,DF,1.5038784781286496,0.18399830890094612,0.8304967841202423,0.0013,0.012625382448627712,Pafos FC.png
Nicolás González,Atletico Madrid,"MF,DF",0.17687395294079516,0.20241327372211873,0.095731436061462,0.0564,0.012333534358537457,Atletico Madrid.png
Robert Andrich,Leverkusen,"DF,MF",0.328771569572453,0.37624380864148493,0.20777464077100272,0.0156,0.01232518836347945,Leverkusen.png
Bruno Guimarães,Newcastle Utd,MF,0.2639598642791049,0.43964536397650855,0.2050667394110779,0.0158,0.012254628468954054,Newcastle Utd.png
Lucas Bergvall,Tottenham,MF,0.19237662858908672,0.42638108225422217,0.16433825482220096,0.0227,0.012142308899432514,Tottenham.png
Davide Frattesi,Inter,MF,0.30774006048071606,0.1961019957546666,0.14538646673799974,0.0277,0.012095175277586164,Inter.png
Marc Casado,Barcelona,MF,0.3270940978458387,0.0538807335724794,0.11340816389855318,0.0416,0.012082994822419112,Barcelona.png
Sven Botman,Newcastle Utd,DF,0.3835486543725282,0.2730630426482393,0.20014957469816,0.0158,0.01196078253932884,Newcastle Utd.png
Samuel Dahl,Benfica,DF,1.387210172061866,0.20305178981741953,0.6802872501917531,0.0017,0.011913477748401931,Benfica.png
Ibrahim Mbaye,Paris S-G,"FW,MF",0.2233164000856766,0.054030522337306465,0.07467016247704682,0.0768,0.011718082061001082,Paris S-G.png
Eduardo Quaresma,Sporting CP,DF,0.41799573388895117,0.22951516521216553,0.2018765596861266,0.015,0.011706780282365603,Sporting CP.png
Guglielmo Vicario,Tottenham,GK,0.3131156291390089,0.17192707849846886,0.15827216321564647,0.0227,0.011694109189762183,Tottenham.png
Raphael Onyedika,Club Brugge,MF,1.7169801739021446,0.2093742932713237,0.8709315532805837,0.001,0.011539068509868095,Club Brugge.png
Nayef Aguerd,Marseille,DF,0.48541768629893095,0.2665355443493707,0.24336917966873048,0.0105,0.01150839383998283,Marseille.png
Kaan Ayhan,Galatasaray,"MF,FW",0.7857048567344911,0.12942561278579426,0.33913899720449414,0.0057,0.011401628488190091,Galatasaray.png
Andre-Frank Zambo Anguissa,Napoli,MF,0.48013522112380014,0.5009374996167523,0.31726709198505765,0.0063,0.011272187502628914,Napoli.png
Eric García,Barcelona,"DF,MF",0.20125450635502734,0.1997275209430097,0.10425682100544037,0.0416,0.011107971288006042,Barcelona.png
Oscar Gloukh,Ajax,"FW,MF",2.4283431013016163,0.2659091468393863,1.3298159673430707,0.0004,0.010957683570906904,Ajax.png
Rui Silva,Sporting CP,GK,0.3918925531070633,0.2151823015870319,0.18624295212738706,0.015,0.010800190587180345,Sporting CP.png
Filip Kostić,Juventus,DF,0.4054323178528324,0.11311487532140557,0.16173481447385687,0.0191,0.010794359401105652,Juventus.png
Wilfried Singo,Galatasaray,DF,0.5684787574982741,0.3841039587885723,0.3204016642054705,0.0057,0.010771691761728777,Galatasaray.png
Jarell Quansah,Leverkusen,DF,0.2351657482236924,0.42037979481442295,0.18064349209554642,0.0156,0.01071576905849739,Leverkusen.png
Emmanuel Addai,Qarabağ,FW,1.386009641423891,0.19275847792639422,0.6756165804422993,0.0014,0.010679221002927054,Qarabağ.png
Gerard Martín,Barcelona,DF,0.22357927792537796,0.1510657779582711,0.09979100548496903,0.0416,0.010632164044887255,Barcelona.png
Facundo Buonanotte,Chelsea,MF,0.3273426100209119,0.07919925359669762,0.1204341077727351,0.0303,0.01057502764235924,Chelsea.png
Rasmus Kristensen,Eint Frankfurt,"DF,MF",1.7591006867519092,0.3438198900340507,0.9512316760609562,0.0007,0.010466407120203374,Eint Frankfurt.png
Rodrigo Huescas,FC Copenhagen,DF,0.4074766111447537,1.4349296319786367,0.6156380179524951,0.0016,0.010441220784474316,FC Copenhagen.png
David Luiz,Pafos FC,DF,1.4387413463341316,0.11508874545773469,0.6747076787846108,0.0013,0.0102570445166808,Pafos FC.png
Matheus Silva,Qarabağ,DF,1.317063066073472,0.12453586988793101,0.6483917876139212,0.0014,0.01024888878819245,Qarabağ.png
Archie Gray,Tottenham,"MF,DF",0.2371248243901954,0.2713639356591302,0.13810073792915564,0.0227,0.010203721714031805,Tottenham.png
Santiago Hezze,Olympiacos,MF,0.12144090614701643,1.4848392675146316,0.4819700138695668,0.0023,0.00991090656236855,Olympiacos.png
Mark Flekken,Leverkusen,GK,0.30722277171443774,0.20758116515175434,0.1670210609970198,0.0156,0.009907686663866228,Leverkusen.png
Georgios Vagiannidis,Sporting CP,DF,0.4326345082486408,0.10412492812589527,0.17050417663992312,0.015,0.009887502225382965,Sporting CP.png
Malik Tillman,Leverkusen,MF,0.33852917136578653,0.21940765079721916,0.1648704119178866,0.0156,0.009780110194929989,Leverkusen.png
Mauro Icardi,Galatasaray,FW,0.6673947249525543,0.15074763704155647,0.2898857171318669,0.0057,0.009745765830572283,Galatasaray.png
Fabian Schär,Newcastle Utd,DF,0.4049807679917508,0.11298889373585226,0.161509680833673,0.0158,0.009651692607197575,Newcastle Utd.png
Nathaniel Brown,Eint Frankfurt,"DF,MF",0.07663994423450987,2.386390750641824,0.8687353658136122,0.0007,0.009558699785919883,Eint Frankfurt.png
Ernest Poku,Leverkusen,"MF,DF",0.30519644494657894,0.2502184000287555,0.15995818668001394,0.0156,0.009488717072477925,Leverkusen.png
Djed Spence,Tottenham,DF,0.2551312533725258,0.20468026254327565,0.12661037276681567,0.0227,0.009354743712413389,Tottenham.png
Pape Matar Sarr,Tottenham,MF,0.20256366915818538,0.27719901403124303,0.1258939779091575,0.0227,0.009301812107017788,Tottenham.png
Noa Lang,Napoli,"MF,FW",0.48023020076637113,0.3316314530480054,0.2617843673036561,0.0063,0.00930094090452617,Napoli.png
Manuel Locatelli,Juventus,MF,0.18972179792244057,0.32937903082521425,0.1353607000824514,0.0191,0.009034121999202787,Juventus.png
Fredrik Aursnes,Benfica,"FW,MF",0.1535230961739655,1.4277969437817488,0.5147388701929976,0.0017,0.009014324573264166,Benfica.png
Anthony Elanga,Newcastle Utd,FW,0.2084134080861218,0.34712848828684933,0.14800144766059228,0.0158,0.00884445112433445,Newcastle Utd.png
Alex Baena,Atletico Madrid,MF,0.18308051255146557,0.08640615767060342,0.06844286767954126,0.0564,0.008817818836233629,Atletico Madrid.png
Andreas Cornelius,FC Copenhagen,FW,1.2004281610565264,0.011559013024111477,0.5068472049073692,0.0016,0.008596128595228982,FC Copenhagen.png
Max Dowman,Arsenal,FW,0.11017944308010184,0.01814936208528304,0.029102423118087098,0.1925,0.008468784399099689,Arsenal.png
Gonçalo Inácio,Sporting CP,DF,0.24460950739434134,0.2882327938425372,0.14594248438679888,0.015,0.00846317473031635,Sporting CP.png
Joe Willock,Newcastle Utd,MF,0.39011619915405965,0.06464006428070325,0.14145748716321999,0.0158,0.008453389146945458,Newcastle Utd.png
Heorhiy Sudakov,Benfica,"FW,MF",0.1990516086112482,1.3727891590437538,0.48154220729608177,0.0017,0.008432970586941285,Benfica.png
Pierre Højbjerg,Marseille,MF,0.30653098909517235,0.3103292525861976,0.1782284050304444,0.0105,0.008428029717461679,Marseille.png
Morten Hjulmand,Sporting CP,MF,0.1992983604174397,0.3089503441983542,0.1443055347198417,0.015,0.008368248354940456,Sporting CP.png
Lamine Camara,Monaco,MF,0.406146376573697,0.4891322087069926,0.27850178052975166,0.0046,0.008324228820024947,Monaco.png
Junnosuke Suzuki,FC Copenhagen,DF,0.15456363608512305,1.459379648420897,0.4899241745207665,0.0016,0.008309113999872199,FC Copenhagen.png
Emerson Palmieri,Marseille,DF,0.3505746698475247,0.2368727358116627,0.17509656616573013,0.0105,0.008279931937999396,Marseille.png
Mikel Jauregizar,Athletic Club,MF,0.06686367737869132,2.4104712903453827,0.807526695082234,0.0006,0.008202823036739727,Athletic Club.png
Vanderson,Monaco,DF,0.3908449944777077,0.4707043727035786,0.2654486006334005,0.0046,0.007934078149966415,Monaco.png
Caio Henrique Oliveira Silva,Monaco,DF,0.2835546684129931,0.6223142369139576,0.2649127998880128,0.0046,0.00791806343006745,Monaco.png
Marcos López,FC Copenhagen,DF,0.09307864177606871,1.4831290364874983,0.46667800605716564,0.0016,0.007914858982729528,FC Copenhagen.png
Teun Koopmeiners,Juventus,"DF,MF",0.19246470187875644,0.2633790443188788,0.11809781883439657,0.0191,0.007881978318225359,Juventus.png
Petar Sucic,Inter,MF,0.16718315674922873,0.2075563167576978,0.09344904775449905,0.0277,0.007774331665622377,Inter.png
Edon Zhegrova,Juventus,MF,0.3053522937923728,0.09091064507021718,0.11503443461130934,0.0191,0.007677524685930714,Juventus.png
João Simões,Sporting CP,MF,0.24285178884924213,0.24100919090909462,0.131855756531071,0.015,0.0076462882717751295,Sporting CP.png
Barış Alper Yılmaz,Galatasaray,"FW,MF",0.3806788661102782,0.36554529610109754,0.2274362372206492,0.0057,0.007646255673682078,Galatasaray.png
Mathías Olivera,Napoli,DF,0.34935598951007446,0.3687188964761201,0.2145143742692775,0.0063,0.007621484578319564,Napoli.png
Stanislav Lobotka,Napoli,MF,0.43874841531840836,0.24091015018620532,0.214481843815617,0.0063,0.007620328803319665,Napoli.png
Edmond Tapsoba,Leverkusen,DF,0.2350222445389648,0.23323905197642136,0.12656355740878703,0.0156,0.007507748198850693,Leverkusen.png
Alexandros Paschalakis,Olympiacos,GK,0.8154594387622661,0.13432695071074394,0.3552682440970832,0.0023,0.007305496753944973,Olympiacos.png
Oleksii Kashchuk,Qarabağ,"FW,MF",1.1088074272630748,0.005537151371765847,0.4571139958614092,0.0014,0.007225431593373963,Qarabağ.png
Nicola Zalewski,Atalanta,"MF,DF",0.15808309982753724,0.03804687581232201,0.04843846584573642,0.0693,0.0071146211631806806,Atalanta.png
Roberto Navarro,Athletic Club,"FW,MF",1.463329175267112,0.14070846943043233,0.6983939849337891,0.0006,0.007094257444643306,Athletic Club.png
Leonardo Balerdi,Marseille,DF,0.27478441132231624,0.25554782765880485,0.14893012160492597,0.0105,0.0070425782607272435,Marseille.png
Wout Weghorst,Ajax,FW,1.626852110975563,0.29771821426591144,0.8544378334469261,0.0004,0.007040567747602672,Ajax.png
Yoram Zague,FC Copenhagen,DF,0.0842573112568309,1.344937458191311,0.41289782740299313,0.0016,0.007002747152754763,FC Copenhagen.png
Philipp Köhn,Monaco,GK,0.4699893066626323,0.25806405334099153,0.2337389315042754,0.0046,0.006986297704412242,Monaco.png
Can Uzun,Eint Frankfurt,"MF,FW",1.4251662697256593,0.030269222410028097,0.6344589305892663,0.0007,0.00698095494054025,Eint Frankfurt.png
Dodi Lukebakio,Benfica,"FW,MF",0.6640149480755085,0.44215251115750065,0.3868049651679458,0.0017,0.0067738919760745074,Benfica.png
Aladji Bamba,Monaco,MF,0.5690997446850758,0.09374523087235437,0.22661514084389697,0.0046,0.006773372446232028,Monaco.png
CJ Egan-Riley,Marseille,DF,0.3934587583554553,0.06481268439365251,0.14286552976377484,0.0105,0.006755797036080327,Marseille.png
Elye Wahi,Eint Frankfurt,FW,0.23095053955897826,1.6802279723546483,0.6130135857386201,0.0007,0.006744991698683661,Eint Frankfurt.png
Giovanni Di Lorenzo,Napoli,DF,0.32610460391286394,0.3181413782528899,0.18894314926323935,0.0063,0.006712964122773703,Napoli.png
Joaquin Seys,Club Brugge,DF,0.14395816999460315,1.5178046649094252,0.5057475616953319,0.001,0.006700705401152308,Club Brugge.png
Gerónimo Rulli,Marseille,GK,0.28657394515933643,0.15735343936840537,0.14168356761422238,0.0105,0.006699904642723379,Marseille.png
Kasper Dolberg,Ajax,FW,1.6931388529513067,0.035273462915026685,0.7866568116105034,0.0004,0.006482052127670549,Ajax.png
Malick Thiaw,Newcastle Utd,DF,0.22338234553921235,0.175162780459557,0.1061449402181377,0.0158,0.006343138872584755,Newcastle Utd.png
Bilal Nadir,Marseille,"MF,FW",0.37338222824825273,0.0615055682552382,0.13381213144602516,0.0105,0.006327681719372095,Marseille.png
Lucas Oliveira Rosa,Ajax,DF,0.39666219444960343,1.8104926868070663,0.7559689394940897,0.0004,0.0062291840614313,Ajax.png
Matteo Politano,Napoli,"MF,FW",0.28714935068962943,0.32790889736614764,0.17522372821901072,0.0063,0.006225526596648738,Napoli.png
Luis Henrique,Inter,DF,0.21866467876150447,0.061007045531779804,0.07475303931609537,0.0277,0.006218949626789058,Inter.png
Aleksandr Golovin,Monaco,"FW,MF",0.30292592991006506,0.4132710270791648,0.2078068409035478,0.0046,0.0062112051519284915,Monaco.png
Amir Rrahmani,Napoli,DF,0.3106834435655985,0.28893370883262204,0.1736361179875462,0.0063,0.00616912036775752,Napoli.png
Sean Steur,Ajax,MF,0.38276124822747876,1.7996407620356774,0.743780772271442,0.0004,0.006128753563516683,Ajax.png
Gabriel Strefezza,Olympiacos,FW,0.03725651101981766,1.0605057182068145,0.29302663679117674,0.0023,0.006025602286345553,Olympiacos.png
Matheus Reis,Sporting CP,DF,0.2816682686315289,0.07858493189932804,0.10258360681484258,0.015,0.005948802314746772,Sporting CP.png
Anton Gaaei,Ajax,DF,1.3847285911571272,0.30178452904754605,0.7175357365215257,0.0004,0.005912494468937372,Ajax.png
Álex Berenguer,Athletic Club,FW,0.1954421966753258,1.6439408682430914,0.5800257823095522,0.0006,0.0058918780988995835,Athletic Club.png
Benjamin Pavard,Marseille,DF,0.2604847162694006,0.18544909068772497,0.12339765324914645,0.0105,0.0058352039253854555,Marseille.png
Juan Jesus,Napoli,DF,0.3535612731125006,0.19413517275895845,0.16375778095122426,0.0063,0.0058181527757803836,Napoli.png
Ismail Jakobs,Galatasaray,DF,0.24288179583722927,0.3793240940173627,0.17172209076065767,0.0057,0.005773182966887459,Galatasaray.png
Mamadou Diakhon,Club Brugge,"FW,MF",1.065259562229943,0.0046460792969155815,0.4345443960875388,0.001,0.005757326782048458,Club Brugge.png
Christian Mawissa,Monaco,DF,0.4993253124464432,0.08225160375288045,0.19243448973453628,0.0046,0.005751736029723149,Monaco.png
Loïc Bade,Leverkusen,DF,0.21296436417970022,0.15161752386719324,0.09593183787992048,0.0156,0.005690675086898319,Leverkusen.png
Ryan Flamingo,PSV Eindhoven,DF,0.34815759568964416,0.41024749026352886,0.22688715628988285,0.0033,0.005662706501462356,PSV Eindhoven.png
Simon Mignolet,Club Brugge,GK,0.9365257424389191,0.15426965617674418,0.42237974514831644,0.001,0.005596155975849528,Club Brugge.png
Youssoupha Mbodji,Slavia Prague,"DF,MF",2.4208402396500532,0.06820566043384953,1.2377129160228877,0.0001,0.005025114439052924,Slavia Prague.png
Abdülkerim Bardakcı,Galatasaray,DF,0.27777270015339134,0.24334757738763327,0.1466554003915704,0.0057,0.004930457437317961,Galatasaray.png
Mario Götze,Eint Frankfurt,MF,0.13080742231648712,1.3664018854062028,0.44411056572018054,0.0007,0.004886550883649695,Eint Frankfurt.png
Mohammed Salisu,Monaco,DF,0.22727587458724754,0.35232080953721573,0.15727832766833363,0.0046,0.00470094225412756,Monaco.png
Ken Sema,Pafos FC,"DF,MF",0.05850063353049737,1.0696485693950268,0.30607169842126747,0.0013,0.0046529647352735095,Pafos FC.png
Mamadou Coulibaly,Monaco,MF,0.21095652239876306,0.3662449737186653,0.15455649104274793,0.0046,0.0046195884084214295,Monaco.png
Dani van den Heuvel,Club Brugge,GK,0.7989137966111596,0.1316014617997532,0.34628073925420777,0.001,0.004587911827113216,Club Brugge.png
Nəriman Axundzadə,Qarabağ,FW,0.02937191208095252,1.0446083554599634,0.2841213009295478,0.0014,0.004491000150232278,Qarabağ.png
Alessandro Buongiorno,Napoli,DF,0.18869427570962208,0.2968520445146161,0.12584943121157066,0.0063,0.00447130642147669,Napoli.png
Elif Elmas,Napoli,"MF,FW",0.1481312423050694,0.3397972693576741,0.12169678830657507,0.0063,0.004323767106372505,Napoli.png
Fares Chaïbi,Eint Frankfurt,"MF,FW",0.1060432991994079,1.239004526677687,0.38671793397043097,0.0007,0.004255059455525411,Eint Frankfurt.png
Uğurcan Çakır,Galatasaray,GK,0.26766158881375435,0.146968949194731,0.12455264467626559,0.0057,0.0041873774279164765,Galatasaray.png
Rodinei,Olympiacos,DF,0.3040843024862452,0.3979230117199866,0.2036110894672768,0.0023,0.004186921228917692,Olympiacos.png
Vanja Milinković-Savić,Napoli,GK,0.24681171761348758,0.13552059878057837,0.11755221688265925,0.0063,0.0041765145630465895,Napoli.png
Andre Annous,Arsenal,FW,0.06240515881772706,0.010279719988683348,0.014299769943637679,0.1925,0.0041612228685565696,Arsenal.png
Gabriel Sara,Galatasaray,MF,0.15419733276302378,0.33755305171006716,0.12347092382760545,0.0057,0.0041510106893638005,Galatasaray.png
Lee Kang-in,Paris S-G,"FW,MF",0.07265576116115596,0.058447585458816044,0.026371515169767164,0.0768,0.004138514884405918,Paris S-G.png
Davinson Sánchez,Galatasaray,DF,0.24529655899998618,0.14629349530986735,0.12014937296998163,0.0057,0.004039342349257161,Galatasaray.png
Michael Amir Murillo,Marseille,DF,0.15985726108460419,0.18293949451798078,0.08436070121876665,0.0105,0.00398923222556035,Marseille.png
Lukáš Provod,Slavia Prague,"MF,FW",0.1389630847838502,2.51553055630946,0.9665332583711801,0.0001,0.003924125028986991,Slavia Prague.png
Anass Salah-Eddine,PSV Eindhoven,DF,0.22023689354181306,0.34395809625820173,0.15194802223351023,0.0033,0.0037923568149741617,PSV Eindhoven.png
Sam Beukema,Napoli,DF,0.22107771412440447,0.1782962703246238,0.10610230383798931,0.0063,0.003769710422343605,Napoli.png
Reggie Walsh,Chelsea,MF,0.1432461455550835,0.02903613065387689,0.04160967538334863,0.0303,0.0036536449308766567,Chelsea.png
Kauã Santos,Eint Frankfurt,GK,0.76115032361066,0.12538085543323169,0.3259428660401298,0.0007,0.003586351064368149,Eint Frankfurt.png
Rio Ngumoha,Liverpool,FW,0.09846182013471555,0.016219170974587145,0.025286473104964104,0.065,0.0035648968469366225,Liverpool.png
Omar Marmoush,Manchester City,FW,0.08420708056691387,0.01706885573673071,0.021417876501605867,0.0839,0.00355969362896786,Manchester City.png
Armando Obispo,PSV Eindhoven,DF,0.3229761163901326,0.15653410108741134,0.1403154103353847,0.0033,0.00350202717224929,PSV Eindhoven.png
Roland Sallai,Galatasaray,"DF,FW",0.15127854740610325,0.27042392524743797,0.10407020697608474,0.0057,0.003498771437113405,Galatasaray.png
Mika Godts,Ajax,"FW,MF",0.19706998500925133,1.2107721895697732,0.42242827924776,0.0004,0.0034808090210015426,Ajax.png
Don-Angelo Konadu,Ajax,FW,0.08637064683079015,1.2876107744743739,0.39385858213761776,0.0004,0.0032453947168139706,Ajax.png
Marli Salmon,Arsenal,DF,0.050168853167192336,0.00826408861835328,0.010885444085137405,0.1925,0.0031676564755939492,Arsenal.png
Joshua Acheampong,Chelsea,DF,0.12137537943809981,0.029212192784635813,0.03481343094850364,0.0303,0.0030568831489208434,Chelsea.png
Kamaldeen Sulemana,Atalanta,"FW,MF",0.08273764856317771,0.015816937822728555,0.020766750588094282,0.0693,0.003050211451681541,Atalanta.png
Tom Bischof,Bayern Munich,"DF,MF",0.061495451154079166,0.010129867953514693,0.014039678879537396,0.1243,0.003027022444846785,Bayern Munich.png
Kady Borges,Qarabağ,"MF,FW",0.17518399266632204,0.5385125453950163,0.19038127579581698,0.0014,0.003009286299207949,Qarabağ.png
Wisdom Mike,Bayern Munich,FW,0.060656096599670216,0.009991604868314448,0.01380055359341968,0.1243,0.002975465880453869,Bayern Munich.png
Maroan Sannadi,Athletic Club,FW,0.6821414677746276,0.11236608341746125,0.28421467528065997,0.0006,0.0028870410104947504,Athletic Club.png
Billy Gilmour,Napoli,MF,0.24990590326627343,0.041165870863332024,0.08100728530986753,0.0063,0.0028781091142436837,Napoli.png
Lucas Torreira,Galatasaray,MF,0.16038599789587238,0.14915800045550542,0.08468627644378589,0.0057,0.002847096529798359,Galatasaray.png
Matej Kovar,PSV Eindhoven,GK,0.235587227280971,0.12935740010598543,0.11090810421121755,0.0033,0.0027680722569386404,PSV Eindhoven.png
Jerdy Schouten,PSV Eindhoven,"DF,MF",0.23121182700769558,0.1562228612784428,0.10731946041043822,0.0033,0.0026785059856943485,PSV Eindhoven.png
Aaron Bouwman,Ajax,DF,0.7541318836312771,0.12422473951089,0.3221903753048787,0.0004,0.002654848692512201,Ajax.png
Juan David Cabal,Juventus,DF,0.141433757252478,0.023297744113582573,0.0397644319719471,0.0191,0.0026539219244932277,Juventus.png
Kostas Tzolakis,Olympiacos,GK,0.2358814808455149,0.21909607619110624,0.12298269406704088,0.0023,0.002528933241927072,Olympiacos.png
Thiago Almada,Atletico Madrid,MF,0.07637263730322583,0.01796602610036703,0.019430565811510887,0.0564,0.002503331830186199,Atletico Madrid.png
Steven Berghuis,Ajax,FW,0.7144010902614396,0.11768006534439866,0.30111408480764934,0.0004,0.002481180058815031,Ajax.png
Dani Olmo,Barcelona,"MF,FW",0.09057977627495825,0.017316115628348866,0.02325565811562154,0.0416,0.00247775809909386,Barcelona.png
Thilo Kehrer,Monaco,DF,0.18826527588870035,0.13403329270775527,0.08223219324598828,0.0046,0.0024578643326805976,Monaco.png
Kassoum Ouattara,Monaco,"DF,FW",0.1551350027755961,0.17753537623037882,0.08125722160864057,0.0046,0.0024287230934867975,Monaco.png
Remko Pasveer,Ajax,GK,0.5513028558803795,0.30271209916927005,0.28533752254270744,0.0004,0.0023511811857519094,Ajax.png
Claudio Echeverri,Leverkusen,MF,0.13419994756293432,0.0324691480862249,0.039508155652744924,0.0156,0.002343623160684128,Leverkusen.png
Hugo Siquet,Club Brugge,DF,0.3494303252214881,0.23609953664585143,0.17438242090393488,0.001,0.0023104119883447316,Club Brugge.png
Mathys Tel,Tottenham,FW,0.10862794251849367,0.03030699732935555,0.031176869250262147,0.0227,0.0023035365524811525,Tottenham.png
Ricardo Mangas,Sporting CP,MF,0.1391332121348566,0.02291878570567989,0.03895757802769548,0.015,0.002259141957899567,Sporting CP.png
Lewis Hall,Newcastle Utd,DF,0.12354316467905035,0.029733927593354838,0.03559237577768273,0.0158,0.0021269726272311286,Newcastle Utd.png
Mika Biereth,Monaco,FW,0.2068996559308986,0.0615989516629392,0.07071736815277652,0.0046,0.0021136940415027996,Monaco.png
Michy Batshuayi,Eint Frankfurt,"MF,FW",0.48642433442502153,0.08012648390457235,0.18623982342751824,0.0007,0.002049197753862735,Eint Frankfurt.png
Cisse Sandra,Club Brugge,MF,0.4152589507630794,0.06840373163871037,0.152827738792211,0.001,0.0020248316202219558,Club Brugge.png
Aymeric Laporte,Athletic Club,DF,0.5106660322196668,0.08411970930613076,0.19791314872952717,0.0006,0.002010393644642223,Athletic Club.png
Giorgio Scalvini,Atalanta,DF,0.05914441481836384,0.009742592355275071,0.013371976618902574,0.0693,0.0019640702112528915,Atalanta.png
Birger Meling,FC Copenhagen,DF,0.3325368857623026,0.05477729944618316,0.11577191474982787,0.0016,0.001963491674157081,FC Copenhagen.png
Lukas Lerager,FC Copenhagen,MF,0.2172776236534891,0.21197186983322733,0.11373751637582297,0.0016,0.0019289882777339575,FC Copenhagen.png
Arda Ünyay,Galatasaray,DF,0.18539807579287632,0.030539787762707864,0.05577440713217988,0.0057,0.001875098630685424,Galatasaray.png
Destiny Udogie,Tottenham,DF,0.09439069433134809,0.019133083982781667,0.024703137887161636,0.0227,0.0018252179404954327,Tottenham.png
Matteo Darmian,Inter,DF,0.08744547338879008,0.014404497925246423,0.021800934044140366,0.0277,0.001813690946586938,Inter.png
Oihan Sancet,Athletic Club,MF,0.37788711300544336,0.20283862443969558,0.17657644565620814,0.0006,0.001793656290244207,Athletic Club.png
Youssoufa Moukoko,FC Copenhagen,FW,0.2681697402533912,0.10486418196782842,0.1044520719792082,0.0016,0.001771507140767371,FC Copenhagen.png
William Clem,FC Copenhagen,MF,0.18588393578900028,0.21272423299092524,0.10186548225798908,0.0016,0.0017276385790954947,FC Copenhagen.png
Yuri Berchiche,Athletic Club,DF,0.3400216651898708,0.22974238870079217,0.16853309617443105,0.0006,0.0017119522762178339,Athletic Club.png
Thomas Delaney,FC Copenhagen,MF,0.2935160645237768,0.048349575782629745,0.09904744549401563,0.0016,0.001679844675578505,FC Copenhagen.png
Endrick,Real Madrid,FW,0.04813175709094267,0.011645288817293572,0.010965690114873191,0.0717,0.0016462507952040063,Real Madrid.png
Pantelis Hatzidiakos,FC Copenhagen,DF,0.23242717581811673,0.12762226341732097,0.0969347991671548,0.0016,0.0016440141938749455,FC Copenhagen.png
Marco Brescianini,Atalanta,"MF,FW",0.049965138915318556,0.010127981427091272,0.01115384283175849,0.0693,0.001638271668519514,Atalanta.png
António Silva,Benfica,DF,0.22102271212949492,0.12136024408210552,0.09102636769464859,0.0017,0.0015940922099339306,Benfica.png
Daniel Podence,Olympiacos,"FW,MF",0.14384998502250204,0.17858840350589486,0.07744109851731154,0.0023,0.0015924465618310443,Olympiacos.png
Tomás Araújo,Benfica,DF,0.2185159533991303,0.1199838205985598,0.08973771773802694,0.0017,0.0015715248274357817,Benfica.png
Francisco Ortega,Olympiacos,DF,0.15534738987289765,0.14429281792568088,0.0763078339798972,0.0023,0.0015691428735982761,Olympiacos.png
Nico Williams,Athletic Club,FW,0.21906531170073132,0.339592876279068,0.1502084027044175,0.0006,0.0015258107917908526,Athletic Club.png
Marc Bernal,Barcelona,MF,0.060334916863940415,0.009938698380903927,0.013709270096658073,0.0416,0.0014606447534521625,Barcelona.png
Yarek Gasiorowski,PSV Eindhoven,DF,0.129771695737282,0.12068688604886854,0.058306557995486154,0.0033,0.0014552296852673547,PSV Eindhoven.png
Panagiotis Retsos,Olympiacos,DF,0.1597518160812834,0.1288377396956895,0.07068884116781086,0.0023,0.001453597692087712,Olympiacos.png
Mahmoud Dahoud,Eint Frankfurt,MF,0.3598129408516641,0.05927036082166178,0.12776132529967937,0.0007,0.0014057585322857708,Eint Frankfurt.png
Vlad Dragomir,Pafos FC,"MF,FW",0.1816659083753881,0.17552799545499337,0.0914340399884998,0.0013,0.0013899990291964732,Pafos FC.png
Bruno Felipe Souza da Silva,Pafos FC,DF,0.1839120028176093,0.17123037901115618,0.0902083903040044,0.0013,0.001371366451309749,Pafos FC.png
Iñigo Lekue,Athletic Club,DF,0.36401339400727856,0.07378586297871537,0.13350187077225262,0.0006,0.0013561065258740033,Athletic Club.png
Viktor Claesson,FC Copenhagen,"FW,MF",0.1445509203613312,0.1770543105036194,0.07730685169337699,0.0016,0.0013111242047196736,FC Copenhagen.png
Costinha,Olympiacos,DF,0.1653313244500709,0.09078094145330509,0.06332351506682013,0.0023,0.0013021420896899075,Olympiacos.png
Aleksandar Stanković,Club Brugge,MF,0.15601790706670735,0.19583965170039608,0.09399412406464068,0.001,0.0012453385493056176,Club Brugge.png
Ogbu Igoh,Slavia Prague,DF,0.7140831009413984,0.11762768439975652,0.3009465568316148,0.0001,0.0012218430207363562,Slavia Prague.png
Dominik Kotarski,FC Copenhagen,GK,0.1663501234704429,0.09134034865897957,0.07178810927760589,0.0016,0.0012175263333481959,FC Copenhagen.png
Nordin Jackers,Club Brugge,GK,0.2219906469976679,0.12189172254748708,0.09152493508939177,0.001,0.0012126239913798134,Club Brugge.png
Stanis Idumbo,Monaco,MF,0.1423415754856349,0.023447284911399174,0.04008373156959025,0.0046,0.0011980754769719763,Monaco.png
Jesús Areso,Athletic Club,DF,0.23992931146209212,0.19248443227840434,0.11725161783705645,0.0006,0.0011910371232877518,Athletic Club.png
Ahmed Kutucu,Galatasaray,"FW,MF",0.1270967940970033,0.02093608091908904,0.034791381937585096,0.0057,0.001169663219838688,Galatasaray.png
Jacob Ramsey,Newcastle Utd,MF,0.0777015451320929,0.01575017748450332,0.01936991502016027,0.0158,0.0011575310200424135,Newcastle Utd.png
Lucas Michal,Monaco,FW,0.1373914250601216,0.02263186898681565,0.03834890517619373,0.0046,0.0011462226958724008,Monaco.png
Oliver Edvardsen,Ajax,FW,0.3051883572971636,0.1759754260590462,0.13862299130344358,0.0004,0.0011422534483403752,Ajax.png
João Pedro Araújo Correia,Pafos FC,DF,0.19040636520532475,0.10211051907980662,0.07493688491704613,0.0013,0.0011392058942031112,Pafos FC.png
Nicolás Otamendi,Benfica,DF,0.1418272161804999,0.10065065249482506,0.0648418949062672,0.0017,0.0011355386594593501,Benfica.png
Ritsu Doan,Eint Frankfurt,"FW,DF",0.14616545015335353,0.2719905485346465,0.10253832871559954,0.0007,0.0011282297685952297,Eint Frankfurt.png
Günay Güvenç,Galatasaray,GK,0.12208904019247202,0.020111176233545733,0.03308638233288543,0.0057,0.001112342262279877,Galatasaray.png
Dane Scarlett,Tottenham,MF,0.06461107073886094,0.01064308989749469,0.014934376897577747,0.0227,0.0011034425168207406,Tottenham.png
Anatolii Trubin,Benfica,GK,0.14951338797166802,0.08209555064709012,0.0628237287289114,0.0017,0.0011001956806812993,Benfica.png
Bəhlul Mustafazadə,Qarabağ,DF,0.15925539844894654,0.08744474194956703,0.06798158868470937,0.0014,0.0010745597883622384,Qarabağ.png
Mateusz Kochalski,Qarabağ,GK,0.15925539844894654,0.08744474194956703,0.06798158868470937,0.0014,0.0010745597883622384,Qarabağ.png
Jakub Markovič,Slavia Prague,GK,0.5174685394699647,0.28413418535056084,0.2636185835936849,0.0001,0.0010702914493903608,Slavia Prague.png
Vitezslav Jaros,Ajax,GK,0.2897601622015905,0.15910294318283674,0.1276936874621679,0.0004,0.0010521959846882636,Ajax.png
Pedro Rodrigues,Pafos FC,MF,0.09004768152545588,0.19958052173436147,0.06826607678219343,0.0013,0.0010377949007419514,Pafos FC.png
Christos Mouzakitis,Olympiacos,MF,0.07863169648359168,0.15741973265718456,0.04978927729183573,0.0023,0.0010238331448993092,Olympiacos.png
Gabriel Pereira,FC Copenhagen,DF,0.12633753244100082,0.11068018000210851,0.059456327888065895,0.0016,0.0010083793209815976,FC Copenhagen.png
Anderson,Pafos FC,FW,0.16728339037898662,0.09976687804180882,0.06618669472626273,0.0013,0.001006183708242574,Pafos FC.png
Aitor Paredes,Athletic Club,DF,0.230804907223032,0.1376507552734521,0.09897168496164616,0.0006,0.0010053503151442739,Athletic Club.png
Neofytos Michael,Pafos FC,GK,0.15566567937090584,0.08547368124137172,0.06607158039621241,0.0013,0.0010044337165869863,Pafos FC.png
Adama Boiro,Athletic Club,DF,0.1671851950130576,0.22716984598182968,0.09861017718688078,0.0006,0.0010016781340004618,Athletic Club.png
Eliesse Ben Seghir,Leverkusen,"MF,FW",0.06515375248009515,0.01576369347430166,0.01601107955676187,0.0156,0.0009497769829246943,Leverkusen.png
Kostas Pileas,Pafos FC,DF,0.16040044341346046,0.08807346890273633,0.06097166278185576,0.0013,0.0009269037230109684,Pafos FC.png
Owen Wijndal,Ajax,DF,0.24435595708706315,0.16510395372336562,0.11151431624644306,0.0004,0.000918877965870691,Ajax.png
Nnamdi Collins,Eint Frankfurt,DF,0.18277182677116047,0.14662956809298436,0.0834451836654507,0.0007,0.0009181477934790563,Eint Frankfurt.png
Bruno Onyemaechi,Olympiacos,DF,0.1540726002004403,0.025379683635048726,0.04425478136788515,0.0023,0.0009100255004533456,Olympiacos.png
Michael Zetterer,Eint Frankfurt,GK,0.20457387328753024,0.1123284342852984,0.08263876025067467,0.0007,0.0009092747124171829,Eint Frankfurt.png
Mikel Vesga,Athletic Club,MF,0.20154804200691873,0.13617993601313763,0.08765469669717917,0.0006,0.0008903928126770279,Athletic Club.png
Lorenzo Pirola,Olympiacos,DF,0.09114825948090327,0.10430940954759121,0.04310465346066715,0.0023,0.0008863750452482736,Olympiacos.png
Elvin Cəfərquliyev,Qarabağ,DF,0.10391460104617639,0.1417669788638588,0.05569161843193697,0.0014,0.0008802967814318381,Qarabağ.png
Diogo Nascimento,Olympiacos,"MF,FW",0.14017733124491263,0.03373737938714738,0.04168029746082479,0.0023,0.0008570855483506369,Olympiacos.png
Amine Gouiri,Marseille,FW,0.07249842816048382,0.011942338666042248,0.01724702420913847,0.0105,0.0008155738842389931,Marseille.png
Kyriani Sabbe,Club Brugge,DF,0.11392054693989997,0.15479428726019448,0.06104878791670424,0.001,0.000808842145587427,Club Brugge.png
Andreas Schjelderup,Benfica,FW,0.1317850434981515,0.06219689407919704,0.045379342960142593,0.0017,0.0007947022268025338,Benfica.png
Daniel Vivian,Athletic Club,DF,0.19360189820029694,0.10630388793067187,0.07713617460806149,0.0006,0.0007835460968588174,Athletic Club.png
Hugo Larsson,Eint Frankfurt,MF,0.17950041328620275,0.09856097483994872,0.07017830900901813,0.0007,0.0007721723020594104,Eint Frankfurt.png
Jajá,Pafos FC,"FW,MF",0.1355021432929429,0.07814625603816293,0.05024421207903515,0.0013,0.0007638228172066408,Pafos FC.png
Amar Dedić,Benfica,DF,0.09307263517558546,0.10651165118778502,0.04290443964809643,0.0017,0.0007513606743492175,Benfica.png
David Goldar,Pafos FC,DF,0.13167959732967002,0.07594173256492333,0.04847875371358376,0.0013,0.0007369839570362614,Pafos FC.png
Domingos Quina,Pafos FC,"MF,FW",0.11714793721850769,0.09447827143051417,0.04796913801089481,0.0013,0.0007292366746008575,Pafos FC.png
Kenneth Taylor,Ajax,MF,0.18498676419386997,0.16206085367819412,0.08822911622148043,0.0004,0.0007270079176649988,Ajax.png
Ivan Šunjić,Pafos FC,MF,0.10598273330247421,0.08547368124137172,0.04761458729455239,0.0013,0.0007238467218920101,Pafos FC.png
Kevin Medina,Qarabağ,DF,0.09173107348028586,0.10497637767729429,0.044766099421945066,0.0014,0.0007076011498311437,Qarabağ.png
Andoni Gorosabel,Athletic Club,DF,0.15677593128153905,0.125774237185743,0.06888330016353246,0.0006,0.0006997137368573819,Athletic Club.png
Lynnt Audoor,Club Brugge,MF,0.1764336473094718,0.029063117942234637,0.052424005405066434,0.001,0.0006945714478389916,Club Brugge.png
Hiroki Ito,Bayern Munich,DF,0.018512902932405557,0.0030495468952920035,0.0031307370266494363,0.1243,0.0006750019946961201,Bayern Munich.png
Dani García,Olympiacos,MF,0.0736258702992216,0.08425691397813657,0.032008312109844554,0.0023,0.0006581973596092846,Olympiacos.png
Rayane Bounida,Ajax,"MF,FW",0.19785234193254264,0.10610362376332125,0.07861769411153752,0.0004,0.0006478097994790692,Ajax.png
Vasilije Adžić,Juventus,MF,0.04221118899157131,0.012567275564708562,0.009696407540192352,0.0191,0.0006471489037713988,Juventus.png
Alejandro Rego,Athletic Club,MF,0.10168482970159237,0.18031875174611925,0.06298822190823837,0.0006,0.0006398317738084879,Athletic Club.png
Angel Gomes,Marseille,"MF,FW",0.05955932105396192,0.00981093798573752,0.013489337089300425,0.0105,0.0006378811157405696,Marseille.png
Iñaki Williams,Athletic Club,FW,0.17931627872199338,0.06156247610964386,0.06109461160753335,0.0006,0.0006205965580666121,Athletic Club.png
George Ilenikhena,Monaco,FW,0.08380363416532328,0.013804594196607761,0.020671976374489573,0.0046,0.0006178713154942225,Monaco.png
Pedro Bicalho,Qarabağ,MF,0.091012412592538,0.08464098897054527,0.03905842279261924,0.0014,0.0006173820197767741,Qarabağ.png
James McConnell,Ajax,MF,0.22927578742016574,0.03776756504615582,0.0727362951995423,0.0004,0.0005993470724442286,Ajax.png
Jan Bořil,Slavia Prague,DF,0.39941488027529587,0.06579380945950249,0.14557397311507456,0.0001,0.0005910303308472027,Slavia Prague.png
Joel Ordóñez,Club Brugge,DF,0.10175247657516806,0.08206203479848372,0.044161541101493514,0.001,0.0005851011441163386,Club Brugge.png
Josip Šutalo,Ajax,DF,0.1282532384236736,0.1742694286841683,0.07079619127765995,0.0004,0.000583360616127918,Ajax.png
Brandon Mechele,Club Brugge,DF,0.08576385046075742,0.0981475307706102,0.04357702547891524,0.001,0.0005773568319615968,Club Brugge.png
Oscar Dorley,Slavia Prague,"MF,DF",0.2881987211372193,0.20517975694584314,0.14002131564620562,0.0001,0.0005684865415235948,Slavia Prague.png
Nathan Tella,Leverkusen,MF,0.041875604380111724,0.011683217049767188,0.009470151343512742,0.0156,0.0005617692260534151,Leverkusen.png
Unai Simón,Athletic Club,GK,0.13127359118132853,0.07208035280087653,0.053394351172733306,0.0006,0.0005423776285028766,Athletic Club.png
Arthur Theate,Eint Frankfurt,DF,0.10183730091792291,0.08921632850307797,0.04706761930962959,0.0007,0.0005178852620986105,Eint Frankfurt.png
Iñigo Ruiz de Galarreta,Athletic Club,MF,0.1373450646158353,0.07541410746731124,0.05022123702808386,0.0006,0.0005101452652108067,Athletic Club.png
Ko Itakura,Ajax,"DF,MF",0.11414443893074636,0.15509850982651188,0.06119880136072969,0.0004,0.0005042781232124128,Ajax.png
Bjorn Meijer,Club Brugge,DF,0.121831148738935,0.03399066772193176,0.035983506614529065,0.001,0.00047674946037530293,Club Brugge.png
Jorthy Mokio,Ajax,"MF,DF",0.1313989036258177,0.11511428175294512,0.05753416125543096,0.0004,0.00047408148874475116,Ajax.png
Jindřich Staněk,Slavia Prague,GK,0.2639392365199581,0.14492506158434812,0.11363209886563244,0.0001,0.00046134632139446775,Slavia Prague.png
Unai Gómez,Athletic Club,"FW,MF",0.12212560825153866,0.07043179406106245,0.04412266734373199,0.0006,0.0004481962445745667,Athletic Club.png
Davy Klaassen,Ajax,MF,0.1372076382832046,0.0899792958264224,0.05356381423635286,0.0004,0.00044136582930754764,Ajax.png
Jeremiah Mensah,Leverkusen,MF,0.03440962808970731,0.00960022331677076,0.0074089307016101036,0.0156,0.00043949765058169085,Leverkusen.png
Paul Wanner,PSV Eindhoven,MF,0.0719006045795829,0.01184386188734767,0.017069433668784297,0.0033,0.0004260232028692204,PSV Eindhoven.png
Robin Koch,Eint Frankfurt,DF,0.08910992964247966,0.07186598688641818,0.037554818533320315,0.0007,0.0004132158652692946,Eint Frankfurt.png
Gerald Alders,Ajax,DF,0.16607848223789923,0.027357358364195995,0.048606588818940005,0.0004,0.0004005182918680657,Ajax.png
Youri Baas,Ajax,DF,0.12459565353253425,0.06841359776373841,0.04668625071123189,0.0004,0.0003846947058605508,Ajax.png
Lorenzo Lucca,Napoli,FW,0.04657606734190763,0.012994637621004008,0.01081705603331052,0.0063,0.0003843193539897991,Napoli.png
Tomáš Vlček,Slavia Prague,DF,0.22798493382644666,0.1251830952106391,0.09462453718413148,0.0001,0.00038417562096757386,Slavia Prague.png
Oscar Højlund,Eint Frankfurt,MF,0.1263310313860341,0.0208099402859159,0.034529555429633235,0.0007,0.0003799288794741643,Eint Frankfurt.png
Eren Elmalı,Galatasaray,"DF,MF",0.047809878455307625,0.013338868665538215,0.011176417299723391,0.0057,0.00037574374793468353,Galatasaray.png
Giulian Biancone,Olympiacos,DF,0.07209372744904335,0.014613467478819196,0.017638534424760453,0.0023,0.0003627069351833805,Olympiacos.png
Pape Cabral,Monaco,MF,0.04947915653220293,0.013804594196607761,0.01166630748803584,0.0046,0.00034869799694083617,Monaco.png
Rodrigo Ribeiro,Sporting CP,FW,0.02920079760855015,0.007027943666624173,0.005865796177218963,0.015,0.00034015631698206325,Sporting CP.png
David Moses,Slavia Prague,"MF,DF",0.14621501219454827,0.19867573679519082,0.08339968782752787,0.0001,0.00033860273257976315,Slavia Prague.png
Stavros Pnevmonidis,Olympiacos,MF,0.06830344016983084,0.011251317239019579,0.01600872177909096,0.0023,0.00032919256627957473,Olympiacos.png
Tomáš Holeš,Slavia Prague,DF,0.24419806591851823,0.049499181426194465,0.08105287450535004,0.0001,0.00032907467049172117,Slavia Prague.png
Salvador Blopa,Sporting CP,"FW,DF",0.02807228076269747,0.0067919776255848255,0.00558912016461953,0.015,0.0003241119317699391,Sporting CP.png
Raúl Moro,Ajax,"FW,MF",0.0845164436178863,0.0995889772605878,0.03866042163868299,0.0004,0.00031856187430274785,Ajax.png
Franjo Ivanović,Benfica,FW,0.07133293500686445,0.016468148628521053,0.01778260326308926,0.0017,0.0003114164615370322,Benfica.png
Samy Mmaee,Qarabağ,DF,0.07296372207527722,0.02035674504005998,0.018957858826802253,0.0014,0.00029965985148140277,Qarabağ.png
Esmir Bajraktarevic,PSV Eindhoven,"MF,FW",0.05331538304175197,0.008782402274776693,0.01174543488961093,0.0033,0.00029314550721824356,PSV Eindhoven.png
Vasil Kušej,Slavia Prague,"FW,MF",0.11740663002487754,0.1783019600017521,0.06797011632094443,0.0001,0.00027595867226303444,Slavia Prague.png
David Doudera,Slavia Prague,"DF,FW",0.11141528530978052,0.17075312519586452,0.06403829438511077,0.0001,0.00025999547520354975,Slavia Prague.png
Roman Yaremchuk,Olympiacos,FW,0.05589966774189544,0.00920809982273273,0.012461346372085532,0.0023,0.0002562467290101436,Olympiacos.png
Daiki Hashioka,Slavia Prague,DF,0.20425236340046019,0.033645569413839685,0.06295240084082772,0.0001,0.0002555867474137606,Slavia Prague.png
Youri Regeer,Ajax,"MF,DF",0.09336109701055008,0.051263172964483246,0.030997631850889842,0.0004,0.0002554204864513323,Ajax.png
Tomáš Chorý,Slavia Prague,FW,0.15983819817109995,0.09532660706619522,0.06252524255887512,0.0001,0.000253852484789033,Slavia Prague.png
Youssoupha Sanyang,Slavia Prague,"FW,DF",0.11290247862805634,0.12920478075195152,0.05462029820318757,0.0001,0.00022175841070494153,Slavia Prague.png
Jean Mattéo Bahoya,Eint Frankfurt,"FW,DF",0.06045366408142486,0.043039289188263184,0.019877299337133753,0.0007,0.00021871002884817596,Eint Frankfurt.png
Selton Sánchez,Athletic Club,MF,0.08523516528245062,0.014040403852699456,0.02111431245755843,0.0006,0.00021447831964755478,Athletic Club.png
Gianluca Prestianni,Benfica,MF,0.04325167467176372,0.020412937287115667,0.01127273266613563,0.0017,0.00019741285720676946,Benfica.png
Ellyes Skhiri,Eint Frankfurt,MF,0.046279108891968505,0.052961477820882626,0.017914552180330782,0.0007,0.0001971139115887197,Eint Frankfurt.png
Lorenzo Scipioni,Olympiacos,MF,0.04400077464462952,0.007248048898538546,0.009239082339214673,0.0023,0.00018998626294366644,Olympiacos.png
Kaye Furo,Club Brugge,FW,0.058145793753392225,0.01622257013380606,0.014274254601113015,0.001,0.00018912117852328938,Club Brugge.png
Jorne Spileers,Club Brugge,DF,0.06045540029672225,0.009958545072679683,0.01374349886706821,0.001,0.00018208913707975786,Club Brugge.png
Robinio Vaz,Marseille,"FW,MF",0.018444723854730803,0.006332402611456672,0.003558921905598908,0.0105,0.00016829359819154163,Marseille.png
Michal Sadílek,Slavia Prague,MF,0.09981064248727003,0.08892804243645439,0.0411297146370336,0.0001,0.0001669866414263564,Slavia Prague.png
Landry Dimata,Pafos FC,"FW,MF",0.04926230217134228,0.008114756566815363,0.010640127064702451,0.0013,0.00016175339394741524,Pafos FC.png
Aurele Amenda,Eint Frankfurt,DF,0.06270750248498311,0.010329523695598374,0.014386422636070265,0.0007,0.00015829388371079836,Eint Frankfurt.png
Romeo Vermant,Club Brugge,FW,0.04970994913371593,0.010617127557817801,0.011175158779037811,0.001,0.00014806091509056595,Club Brugge.png
Myron Boadu,PSV Eindhoven,"MF,FW",0.02941545428542459,0.004845474943462277,0.005584996232149746,0.0033,0.00013939173548470875,PSV Eindhoven.png
Aurélio Buta,Eint Frankfurt,DF,0.0521767830121055,0.010576283799942812,0.011774358916906156,0.0007,0.00012955333291049865,Eint Frankfurt.png
Christos Zafeiris,Slavia Prague,MF,0.07625127227982516,0.07931627711169628,0.0317571600737147,0.0001,0.00012893406989928168,Slavia Prague.png
Munashe Garan'anga,FC Copenhagen,DF,0.03739156156187564,0.006159343074798969,0.007538248291705527,0.0016,0.00012784869102732573,FC Copenhagen.png
David Zima,Slavia Prague,DF,0.07134507526426907,0.07080375625918973,0.030241547223421657,0.0001,0.00012278068172709195,Slavia Prague.png
Mads Emil Madsen,FC Copenhagen,MF,0.031184863255207092,0.008700519824638807,0.006551418826701192,0.0016,0.0001111120633008522,FC Copenhagen.png
Štěpán Chaloupek,Slavia Prague,"DF,MF",0.06563644984573137,0.0651384440955682,0.025695307236341138,0.0001,0.00010432294737954503,Slavia Prague.png
Mons Bassouamina,Pafos FC,FW,0.030160185863412133,0.010354529632846974,0.006580680082832666,0.0013,0.00010004084832892063,Pafos FC.png
Carlos Martín,Atletico Madrid,FW,0.0060443161881213545,0.0009956529093761944,0.0007726581736849991,0.0564,9.954521236295349e-05,Atletico Madrid.png
Ibon Sánchez,Athletic Club,FW,0.04427858441842389,0.007293811247979345,0.00931205633511521,0.0006,9.459148618897675e-05,Athletic Club.png
Antonio Vergara,Napoli,MF,0.015137513082310119,0.004223338470030878,0.0026544449542889956,0.0063,9.430981654271918e-05,Napoli.png
Asier Hierro,Athletic Club,"FW,MF",0.039752312713440104,0.008490360222690218,0.008450892050084034,0.0006,8.584381471422521e-05,Athletic Club.png
Hugo Vetlesen,Club Brugge,"MF,FW",0.032003637969165354,0.005271814753378379,0.006205869242178451,0.001,8.222224821117502e-05,Club Brugge.png
Nicolás Serrano,Athletic Club,"FW,MF",0.03535651295017734,0.00855436887748017,0.0074573256062788335,0.0006,7.575120754295775e-05,Athletic Club.png
Ivan Schranz,Slavia Prague,"MF,FW",0.07171355912570666,0.011331390231917735,0.016924340924717216,0.0001,6.87128241543519e-05,Slavia Prague.png
Berkan Kutlu,Galatasaray,MF,0.012494946226800613,0.0020582360644306116,0.0019152321520418778,0.0057,6.438883657207712e-05,Galatasaray.png
Toral Bayramov,Qarabağ,"DF,FW",0.022177788821038484,0.0036532469970041344,0.0039237491919451375,0.0014,6.202124991279315e-05,Qarabağ.png
Zaid Romero,Club Brugge,DF,0.023901449120365417,0.003937177774016398,0.004308575675678424,0.001,5.70847958307781e-05,Club Brugge.png
Bruno Langa,Pafos FC,DF,0.02132964804945388,0.0035135365979273372,0.003737085605319802,0.0013,5.681194185526515e-05,Pafos FC.png
Joni Montiel,Qarabağ,MF,0.017537729697933466,0.004886921705355046,0.0031897906256352117,0.0014,5.041983875221463e-05,Qarabağ.png
Dani Bolt,Qarabağ,"DF,FW",0.017191807184853084,0.004796482768229115,0.003112128164808341,0.0014,4.919225700420845e-05,Qarabağ.png
Henrique Araújo,Benfica,FW,0.016173883407550382,0.003913207307646779,0.0028055254232049083,0.0017,4.9131546552587105e-05,Benfica.png
Erik Prekop,Slavia Prague,"FW,MF",0.052250279561432175,0.008606952588499325,0.011452866743118727,0.0001,4.649863897706203e-05,Slavia Prague.png
Kian Fitz-Jim,Ajax,"MF,FW",0.027669632635953803,0.006659428350160201,0.005483878409113671,0.0004,4.518715809109666e-05,Ajax.png
Yoane Wissa,Newcastle Utd,FW,0.00587469626880989,0.0009677121860760941,0.0007456503169856741,0.0158,4.455948160418077e-05,Newcastle Utd.png
Tadjidine Mmadi,Marseille,MF,0.005743689014057131,0.0009461319526329271,0.0007249233377317272,0.0105,3.428003203103833e-05,Marseille.png
Shandre Campbell,Club Brugge,DF,0.012951786942579592,0.0021334893724360327,0.0020031595834318384,0.001,2.6540082951813902e-05,Club Brugge.png
Mojmir Chytil,Slavia Prague,FW,0.026091404095678037,0.005572642303479983,0.004992537869808376,0.0001,2.0269703751422008e-05,Slavia Prague.png
Muhammed Cham,Slavia Prague,MF,0.016413195023151698,0.015136162777413538,0.004379613167205447,0.0001,1.7781229458854113e-05,Slavia Prague.png
Jessic Ngankam,Eint Frankfurt,FW,0.008246847066207262,0.001358465874235125,0.001139366275910094,0.0007,1.2536453108969885e-05,Eint Frankfurt.png
José Neto,Benfica,MF,0.004315737517726753,0.000710911951309448,0.000507133399021998,0.0017,8.88113434878726e-06,Benfica.png
Manuel Manu,Benfica,MF,0.004315737517726753,0.000710911951309448,0.000507133399021998,0.0017,8.88113434878726e-06,Benfica.png
Tiago Freitas,Benfica,MF,0.004315737517726753,0.000710911951309448,0.000507133399021998,0.0017,8.88113434878726e-06,Benfica.png
Rodrigo Rego,Benfica,MF,0.004315737517726753,0.000710911951309448,0.000507133399021998,0.0017,8.88113434878726e-06,Benfica.png
Chriso,Qarabağ,MF,0.004417233664566784,0.0007276309532191016,0.0005220852230588532,0.0014,8.252407712904153e-06,Qarabağ.png
Musa Qurbanlı,Qarabağ,FW,0.0036712628016408646,0.0006351828153599814,0.00041700358869194154,0.0014,6.591421246263013e-06,Qarabağ.png
Pau Navarro,Villarreal,DF,0.0,0.0,0.0,0.0,0.0,Villarreal.png
Mathias Rasmussen,Unions SG,MF,0.0,0.0,0.0,0.0,0.0,
Fedde Leysen,Unions SG,DF,0.0,0.0,0.0,0.0,0.0,
Rob Schoofs,Unions SG,MF,0.0,1.0,0.25611354138403447,0.0,0.0,
Anouar Ait El Hadj,Unions SG,"MF,FW",1.0,0.0,0.4,0.0,0.0,
Ousseynou Niang,Unions SG,"DF,FW",0.0,0.0,0.0,0.0,0.0,
Marc Giger,Unions SG,"FW,MF",0.0,0.0,0.0,0.0,0.0,
Adem Zorgane,Unions SG,MF,0.0,1.0,0.2843927449118549,0.0,0.0,
Kjell Scherpen,Unions SG,GK,0.0,0.0,0.0,0.0,0.0,
Kevin Rodríguez,Unions SG,FW,0.0,1.0,0.25611354138403447,0.0,0.0,
Kevin Mac Allister,Unions SG,DF,1.0,0.0,0.43,0.0,0.0,
Anan Khalaili,Unions SG,"DF,FW",2.0,0.0,1.0326281781940294,0.0,0.0,
Kamiel Van De Perre,Unions SG,MF,0.0,0.0,0.0,0.0,0.0,
Promise David,Unions SG,FW,2.0,0.0,0.9513656920021769,0.0,0.0,
Christian Burgess,Unions SG,DF,0.0,0.0,0.0,0.0,0.0,
Arnau Tenas,Villarreal,GK,0.0,0.0,0.0,0.0,0.0,Villarreal.png
Sofiane Boufal,Unions SG,"MF,FW",0.0,1.0,0.25611354138403447,0.0,0.0,
Ayoze Pérez,Villarreal,FW,0.0,0.0,0.0,0.0,0.0,Villarreal.png
Ross Sykes,Unions SG,DF,1.0,0.0,0.4,0.0,0.0,
Georges Mikautadze,Villarreal,FW,1.0,0.0,0.4,0.0,0.0,Villarreal.png
Manor Solomon,Villarreal,MF,0.0,0.0,0.0,0.0,0.0,Villarreal.png
Santi Comesaña,Villarreal,MF,1.0,0.0,0.4,0.0,0.0,Villarreal.png
Pape Gueye,Villarreal,MF,0.0,0.0,0.0,0.0,0.0,Villarreal.png
Alberto Moleiro,Villarreal,MF,0.0,0.0,0.0,0.0,0.0,Villarreal.png
Nicolas Pépé,Villarreal,"FW,MF",0.0,1.0,0.25611354138403447,0.0,0.0,Villarreal.png
Renato Veiga,Villarreal,DF,1.0,0.0,0.45,0.0,0.0,Villarreal.png
Tajon Buchanan,Villarreal,"MF,FW",0.0,0.0,0.0,0.0,0.0,Villarreal.png
Luiz Lúcio Reis Júnior,Villarreal,GK,0.0,0.0,0.0,0.0,0.0,Villarreal.png
Santiago Mouriño,Villarreal,DF,0.0,0.0,0.0,0.0,0.0,Villarreal.png
Raul Florucz,Unions SG,FW,0.0,0.0,0.0,0.0,0.0,
Tani Oluwaseyi,Villarreal,FW,1.0,0.0,0.4,0.0,0.0,Villarreal.png
Daniel Parejo,Villarreal,MF,0.0,0.0,0.0,0.0,0.0,Villarreal.png
Alfonso Pedraza,Villarreal,DF,0.0,1.0,0.25611354138403447,0.0,0.0,Villarreal.png
Ilias Akhomach,Villarreal,MF,0.0,2.0,0.6091440913248752,0.0,0.0,Villarreal.png
Juan Foyth,Villarreal,DF,0.0,0.0,0.0,0.0,0.0,Villarreal.png
Rafa Marín,Villarreal,DF,0.0,0.0,0.0,0.0,0.0,Villarreal.png
Thomas Partey,Villarreal,MF,0.0,0.0,0.0,0.0,0.0,Villarreal.png
Louis Patris,Unions SG,DF,0.0,0.0,0.0,0.0,0.0,
Gerard Moreno,Villarreal,FW,0.0,0.0,0.0,0.0,0.0,Villarreal.png
Olzhas Baibek,Qaırat Almaty,MF,1.0,0.0,0.4,0.0,0.0,
Ulrik Saltnes,Bodø/Glimt,MF,0.0,0.0,0.0,0.0,0.0,Bodø/Glimt.png
Magnus Riisnæs,Bodø/Glimt,DF,0.0,0.0,0.0,0.0,0.0,Bodø/Glimt.png
Daniel Bassi,Bodø/Glimt,"FW,MF",1.0,0.0,0.4,0.0,0.0,Bodø/Glimt.png
Anders Klynge,Bodø/Glimt,"MF,DF",0.0,0.0,0.0,0.0,0.0,Bodø/Glimt.png
Mathias Jørgensen,Bodø/Glimt,"FW,MF",0.0,0.0,0.0,0.0,0.0,Bodø/Glimt.png
Jostein Gundersen,Bodø/Glimt,DF,0.0,0.0,0.0,0.0,0.0,Bodø/Glimt.png
Villads Nielsen,Bodø/Glimt,DF,0.0,0.0,0.0,0.0,0.0,Bodø/Glimt.png
Isak Määttä,Bodø/Glimt,"DF,FW",0.0,0.0,0.0,0.0,0.0,Bodø/Glimt.png
Ole Didrik Blomberg,Bodø/Glimt,"FW,MF",1.0,0.0,0.4,0.0,0.0,Bodø/Glimt.png
Fredrik André Bjørkan,Bodø/Glimt,DF,0.0,1.0,0.25611354138403447,0.0,0.0,Bodø/Glimt.png
Sondre Auklend,Bodø/Glimt,"FW,MF",0.0,0.0,0.0,0.0,0.0,Bodø/Glimt.png
Haitam Aleesami,Bodø/Glimt,DF,1.0,0.0,0.4,0.0,0.0,Bodø/Glimt.png
Kasper Waarst Høgh,Bodø/Glimt,FW,0.0,1.0,0.25611354138403447,0.0,0.0,Bodø/Glimt.png
Fredrik Sjøvold,Bodø/Glimt,DF,0.0,0.0,0.0,0.0,0.0,Bodø/Glimt.png
Jens Petter Hauge,Bodø/Glimt,"FW,MF",3.0,0.0,1.5792888155429912,0.0,0.0,Bodø/Glimt.png
Odin Lurås Bjørtuft,Bodø/Glimt,DF,0.0,0.0,0.0,0.0,0.0,Bodø/Glimt.png
Andreas Helmersen,Bodø/Glimt,FW,1.0,0.0,0.4,0.0,0.0,Bodø/Glimt.png
Nikita Haikin,Bodø/Glimt,GK,0.0,0.0,0.0,0.0,0.0,Bodø/Glimt.png
Håkon Evjen,Bodø/Glimt,MF,0.0,2.0,0.6586370487450213,0.0,0.0,Bodø/Glimt.png
Sondre Brunstad Fet,Bodø/Glimt,MF,2.0,0.0,0.9513656920021769,0.0,0.0,Bodø/Glimt.png
Patrick Berg,Bodø/Glimt,MF,0.0,1.0,0.28812773405703873,0.0,0.0,Bodø/Glimt.png
Brede Moe,Bodø/Glimt,DF,0.0,0.0,0.0,0.0,0.0,Bodø/Glimt.png
Lev Kurgin,Qaırat Almaty,DF,0.0,0.0,0.0,0.0,0.0,
Azamat Tuyakbaev,Qaırat Almaty,"FW,MF",0.0,0.0,0.0,0.0,0.0,
Luís Mata,Qaırat Almaty,DF,0.0,0.0,0.0,0.0,0.0,
Jorginho Costa,Qaırat Almaty,"MF,FW",0.0,0.0,0.0,0.0,0.0,
Valeriy Gromyko,Qaırat Almaty,"FW,MF",0.0,0.0,0.0,0.0,0.0,
Damir Kasabulat,Qaırat Almaty,MF,0.0,0.0,0.0,0.0,0.0,
Alexandr Mrynskiy,Qaırat Almaty,"DF,FW",0.0,0.0,0.0,0.0,0.0,
Ricardinho,Qaırat Almaty,"FW,MF",0.0,1.0,0.25611354138403447,0.0,0.0,
Yegor Sorokin,Qaırat Almaty,DF,0.0,0.0,0.0,0.0,0.0,
Erkin Tapalov,Qaırat Almaty,DF,0.0,0.0,0.0,0.0,0.0,
Edimilson Filho,Qaırat Almaty,FW,1.0,0.0,0.4,0.0,0.0,
Dastan Satpayev,Qaırat Almaty,FW,1.0,0.0,0.4,0.0,0.0,
Sherhan Kalmurza,Qaırat Almaty,GK,0.0,0.0,0.0,0.0,0.0,
Giorgi Zaria,Qaırat Almaty,"MF,FW",0.0,1.0,0.25611354138403447,0.0,0.0,
Temirlan Anarbekov,Qaırat Almaty,GK,0.0,0.0,0.0,0.0,0.0,
Ofri Arad,Qaırat Almaty,MF,1.0,0.0,0.4,0.0,0.0,
Jug Stanojev,Qaırat Almaty,"MF,FW",0.0,0.0,0.0,0.0,0.0,
Dan Glazer,Qaırat Almaty,MF,0.0,0.0,0.0,0.0,0.0,
Alyaksandr Martynovich,Qaırat Almaty,DF,0.0,0.0,0.0,0.0,0.0,
Adilet Sadybekov,Qaırat Almaty,MF,0.0,0.0,0.0,0.0,0.0,
Aleksandr Shirobokov,Qaırat Almaty,DF,0.0,1.0,0.25611354138403447,0.0,0.0,
Sergi Cardona,Villarreal,DF,0.0,0.0,0.0,0.0,0.0,Villarreal.png
